<rss version="2.0" xmlns:atom="http://www.w3.org/2005/Atom">
  <channel>
    <title>./ravi.sh – Docs</title>
    <link>https://ravish0007.netlify.app/docs/</link>
    <description>Recent content in Docs on ./ravi.sh</description>
    <generator>Hugo -- gohugo.io</generator>
    <language>en</language>
    
	  <atom:link href="https://ravish0007.netlify.app/docs/index.xml" rel="self" type="application/rss+xml" />
    
    
      
        
      
    
    
    <item>
      <title>Clojure Simple Values</title>
      <link>https://ravish0007.netlify.app/docs/living-clojure/structure-of-clojure/simple-values/</link>
      <pubDate>Mon, 01 Jan 0001 00:00:00 +0000</pubDate>
      
      <guid>https://ravish0007.netlify.app/docs/living-clojure/structure-of-clojure/simple-values/</guid>
      <description>
        
        
        &lt;p&gt;The simple values of Clojure are as follows,&lt;/p&gt;
&lt;h2&gt;Strings&lt;span class=&#34;hx-absolute -hx-mt-20&#34; id=&#34;strings&#34;&gt;&lt;/span&gt;
    &lt;a href=&#34;#strings&#34; class=&#34;subheading-anchor&#34; aria-label=&#34;Permalink for this section&#34;&gt;&lt;/a&gt;&lt;/h2&gt;&lt;p&gt;putting quotes around text.&lt;/p&gt;
&lt;div class=&#34;hextra-code-block hx-relative hx-mt-6 first:hx-mt-0 hx-group/code&#34;&gt;

&lt;div&gt;&lt;div class=&#34;highlight&#34;&gt;&lt;pre tabindex=&#34;0&#34; class=&#34;chroma&#34;&gt;&lt;code class=&#34;language-clojure&#34; data-lang=&#34;clojure&#34;&gt;&lt;span class=&#34;line&#34;&gt;&lt;span class=&#34;cl&#34;&gt;&lt;span class=&#34;s&#34;&gt;&amp;#34;hello world&amp;#34;&lt;/span&gt;
&lt;/span&gt;&lt;/span&gt;&lt;span class=&#34;line&#34;&gt;&lt;span class=&#34;cl&#34;&gt;&lt;span class=&#34;c1&#34;&gt;;; -&amp;gt; &amp;#34;hello world&amp;#34;&lt;/span&gt;&lt;/span&gt;&lt;/span&gt;&lt;/code&gt;&lt;/pre&gt;&lt;/div&gt;&lt;/div&gt;&lt;div class=&#34;hextra-code-copy-btn-container hx-opacity-0 hx-transition group-hover/code:hx-opacity-100 hx-flex hx-gap-1 hx-absolute hx-m-[11px] hx-right-0 hx-top-0&#34;&gt;
  &lt;button
    class=&#34;hextra-code-copy-btn hx-group/copybtn hx-transition-all active:hx-opacity-50 hx-bg-primary-700/5 hx-border hx-border-black/5 hx-text-gray-600 hover:hx-text-gray-900 hx-rounded-md hx-p-1.5 dark:hx-bg-primary-300/10 dark:hx-border-white/10 dark:hx-text-gray-400 dark:hover:hx-text-gray-50&#34;
    title=&#34;Copy code&#34;
  &gt;
    &lt;div class=&#34;copy-icon group-[.copied]/copybtn:hx-hidden hx-pointer-events-none hx-h-4 hx-w-4&#34;&gt;&lt;/div&gt;
    &lt;div class=&#34;success-icon hx-hidden group-[.copied]/copybtn:hx-block hx-pointer-events-none hx-h-4 hx-w-4&#34;&gt;&lt;/div&gt;
  &lt;/button&gt;
&lt;/div&gt;
&lt;/div&gt;
&lt;h2&gt;Integers&lt;span class=&#34;hx-absolute -hx-mt-20&#34; id=&#34;integers&#34;&gt;&lt;/span&gt;
    &lt;a href=&#34;#integers&#34; class=&#34;subheading-anchor&#34; aria-label=&#34;Permalink for this section&#34;&gt;&lt;/a&gt;&lt;/h2&gt;&lt;p&gt;Numeric value[s] as following&lt;/p&gt;
&lt;div class=&#34;hextra-code-block hx-relative hx-mt-6 first:hx-mt-0 hx-group/code&#34;&gt;

&lt;div&gt;&lt;div class=&#34;highlight&#34;&gt;&lt;pre tabindex=&#34;0&#34; class=&#34;chroma&#34;&gt;&lt;code class=&#34;language-clojure&#34; data-lang=&#34;clojure&#34;&gt;&lt;span class=&#34;line&#34;&gt;&lt;span class=&#34;cl&#34;&gt;&lt;span class=&#34;mi&#34;&gt;47&lt;/span&gt;
&lt;/span&gt;&lt;/span&gt;&lt;span class=&#34;line&#34;&gt;&lt;span class=&#34;cl&#34;&gt;&lt;span class=&#34;c1&#34;&gt;;; -&amp;gt; 47&lt;/span&gt;&lt;/span&gt;&lt;/span&gt;&lt;/code&gt;&lt;/pre&gt;&lt;/div&gt;&lt;/div&gt;&lt;div class=&#34;hextra-code-copy-btn-container hx-opacity-0 hx-transition group-hover/code:hx-opacity-100 hx-flex hx-gap-1 hx-absolute hx-m-[11px] hx-right-0 hx-top-0&#34;&gt;
  &lt;button
    class=&#34;hextra-code-copy-btn hx-group/copybtn hx-transition-all active:hx-opacity-50 hx-bg-primary-700/5 hx-border hx-border-black/5 hx-text-gray-600 hover:hx-text-gray-900 hx-rounded-md hx-p-1.5 dark:hx-bg-primary-300/10 dark:hx-border-white/10 dark:hx-text-gray-400 dark:hover:hx-text-gray-50&#34;
    title=&#34;Copy code&#34;
  &gt;
    &lt;div class=&#34;copy-icon group-[.copied]/copybtn:hx-hidden hx-pointer-events-none hx-h-4 hx-w-4&#34;&gt;&lt;/div&gt;
    &lt;div class=&#34;success-icon hx-hidden group-[.copied]/copybtn:hx-block hx-pointer-events-none hx-h-4 hx-w-4&#34;&gt;&lt;/div&gt;
  &lt;/button&gt;
&lt;/div&gt;
&lt;/div&gt;
&lt;h2&gt;Ratios&lt;span class=&#34;hx-absolute -hx-mt-20&#34; id=&#34;ratios&#34;&gt;&lt;/span&gt;
    &lt;a href=&#34;#ratios&#34; class=&#34;subheading-anchor&#34; aria-label=&#34;Permalink for this section&#34;&gt;&lt;/a&gt;&lt;/h2&gt;&lt;p&gt;Representation of values which won’t turn into decimals when evaluated.&lt;/p&gt;
&lt;div class=&#34;hextra-code-block hx-relative hx-mt-6 first:hx-mt-0 hx-group/code&#34;&gt;

&lt;div&gt;&lt;div class=&#34;highlight&#34;&gt;&lt;pre tabindex=&#34;0&#34; class=&#34;chroma&#34;&gt;&lt;code class=&#34;language-clojure&#34; data-lang=&#34;clojure&#34;&gt;&lt;span class=&#34;line&#34;&gt;&lt;span class=&#34;cl&#34;&gt;&lt;span class=&#34;mi&#34;&gt;1&lt;/span&gt;&lt;span class=&#34;nv&#34;&gt;/9&lt;/span&gt;
&lt;/span&gt;&lt;/span&gt;&lt;span class=&#34;line&#34;&gt;&lt;span class=&#34;cl&#34;&gt;&lt;span class=&#34;c1&#34;&gt;;; -&amp;gt; 1/9&lt;/span&gt;&lt;/span&gt;&lt;/span&gt;&lt;/code&gt;&lt;/pre&gt;&lt;/div&gt;&lt;/div&gt;&lt;div class=&#34;hextra-code-copy-btn-container hx-opacity-0 hx-transition group-hover/code:hx-opacity-100 hx-flex hx-gap-1 hx-absolute hx-m-[11px] hx-right-0 hx-top-0&#34;&gt;
  &lt;button
    class=&#34;hextra-code-copy-btn hx-group/copybtn hx-transition-all active:hx-opacity-50 hx-bg-primary-700/5 hx-border hx-border-black/5 hx-text-gray-600 hover:hx-text-gray-900 hx-rounded-md hx-p-1.5 dark:hx-bg-primary-300/10 dark:hx-border-white/10 dark:hx-text-gray-400 dark:hover:hx-text-gray-50&#34;
    title=&#34;Copy code&#34;
  &gt;
    &lt;div class=&#34;copy-icon group-[.copied]/copybtn:hx-hidden hx-pointer-events-none hx-h-4 hx-w-4&#34;&gt;&lt;/div&gt;
    &lt;div class=&#34;success-icon hx-hidden group-[.copied]/copybtn:hx-block hx-pointer-events-none hx-h-4 hx-w-4&#34;&gt;&lt;/div&gt;
  &lt;/button&gt;
&lt;/div&gt;
&lt;/div&gt;
&lt;h2&gt;Keywords&lt;span class=&#34;hx-absolute -hx-mt-20&#34; id=&#34;keywords&#34;&gt;&lt;/span&gt;
    &lt;a href=&#34;#keywords&#34; class=&#34;subheading-anchor&#34; aria-label=&#34;Permalink for this section&#34;&gt;&lt;/a&gt;&lt;/h2&gt;&lt;p&gt;Symbolic identifiers and starts with a colon.&lt;/p&gt;
&lt;div class=&#34;hextra-code-block hx-relative hx-mt-6 first:hx-mt-0 hx-group/code&#34;&gt;

&lt;div&gt;&lt;div class=&#34;highlight&#34;&gt;&lt;pre tabindex=&#34;0&#34; class=&#34;chroma&#34;&gt;&lt;code class=&#34;language-clojure&#34; data-lang=&#34;clojure&#34;&gt;&lt;span class=&#34;line&#34;&gt;&lt;span class=&#34;cl&#34;&gt;&lt;span class=&#34;ss&#34;&gt;:nice&lt;/span&gt;
&lt;/span&gt;&lt;/span&gt;&lt;span class=&#34;line&#34;&gt;&lt;span class=&#34;cl&#34;&gt;&lt;span class=&#34;c1&#34;&gt;;; -&amp;gt; :nice&lt;/span&gt;&lt;/span&gt;&lt;/span&gt;&lt;/code&gt;&lt;/pre&gt;&lt;/div&gt;&lt;/div&gt;&lt;div class=&#34;hextra-code-copy-btn-container hx-opacity-0 hx-transition group-hover/code:hx-opacity-100 hx-flex hx-gap-1 hx-absolute hx-m-[11px] hx-right-0 hx-top-0&#34;&gt;
  &lt;button
    class=&#34;hextra-code-copy-btn hx-group/copybtn hx-transition-all active:hx-opacity-50 hx-bg-primary-700/5 hx-border hx-border-black/5 hx-text-gray-600 hover:hx-text-gray-900 hx-rounded-md hx-p-1.5 dark:hx-bg-primary-300/10 dark:hx-border-white/10 dark:hx-text-gray-400 dark:hover:hx-text-gray-50&#34;
    title=&#34;Copy code&#34;
  &gt;
    &lt;div class=&#34;copy-icon group-[.copied]/copybtn:hx-hidden hx-pointer-events-none hx-h-4 hx-w-4&#34;&gt;&lt;/div&gt;
    &lt;div class=&#34;success-icon hx-hidden group-[.copied]/copybtn:hx-block hx-pointer-events-none hx-h-4 hx-w-4&#34;&gt;&lt;/div&gt;
  &lt;/button&gt;
&lt;/div&gt;
&lt;/div&gt;
&lt;h2&gt;Characters&lt;span class=&#34;hx-absolute -hx-mt-20&#34; id=&#34;characters&#34;&gt;&lt;/span&gt;
    &lt;a href=&#34;#characters&#34; class=&#34;subheading-anchor&#34; aria-label=&#34;Permalink for this section&#34;&gt;&lt;/a&gt;&lt;/h2&gt;&lt;p&gt;preceding with backslash creates characters.&lt;/p&gt;
&lt;div class=&#34;hextra-code-block hx-relative hx-mt-6 first:hx-mt-0 hx-group/code&#34;&gt;

&lt;div&gt;&lt;div class=&#34;highlight&#34;&gt;&lt;pre tabindex=&#34;0&#34; class=&#34;chroma&#34;&gt;&lt;code class=&#34;language-clojure&#34; data-lang=&#34;clojure&#34;&gt;&lt;span class=&#34;line&#34;&gt;&lt;span class=&#34;cl&#34;&gt;&lt;span class=&#34;sc&#34;&gt;\j&lt;/span&gt;
&lt;/span&gt;&lt;/span&gt;&lt;span class=&#34;line&#34;&gt;&lt;span class=&#34;cl&#34;&gt;&lt;span class=&#34;c1&#34;&gt;;; -&amp;gt; \j&lt;/span&gt;&lt;/span&gt;&lt;/span&gt;&lt;/code&gt;&lt;/pre&gt;&lt;/div&gt;&lt;/div&gt;&lt;div class=&#34;hextra-code-copy-btn-container hx-opacity-0 hx-transition group-hover/code:hx-opacity-100 hx-flex hx-gap-1 hx-absolute hx-m-[11px] hx-right-0 hx-top-0&#34;&gt;
  &lt;button
    class=&#34;hextra-code-copy-btn hx-group/copybtn hx-transition-all active:hx-opacity-50 hx-bg-primary-700/5 hx-border hx-border-black/5 hx-text-gray-600 hover:hx-text-gray-900 hx-rounded-md hx-p-1.5 dark:hx-bg-primary-300/10 dark:hx-border-white/10 dark:hx-text-gray-400 dark:hover:hx-text-gray-50&#34;
    title=&#34;Copy code&#34;
  &gt;
    &lt;div class=&#34;copy-icon group-[.copied]/copybtn:hx-hidden hx-pointer-events-none hx-h-4 hx-w-4&#34;&gt;&lt;/div&gt;
    &lt;div class=&#34;success-icon hx-hidden group-[.copied]/copybtn:hx-block hx-pointer-events-none hx-h-4 hx-w-4&#34;&gt;&lt;/div&gt;
  &lt;/button&gt;
&lt;/div&gt;
&lt;/div&gt;
&lt;h2&gt;Booleans&lt;span class=&#34;hx-absolute -hx-mt-20&#34; id=&#34;booleans&#34;&gt;&lt;/span&gt;
    &lt;a href=&#34;#booleans&#34; class=&#34;subheading-anchor&#34; aria-label=&#34;Permalink for this section&#34;&gt;&lt;/a&gt;&lt;/h2&gt;&lt;div class=&#34;hextra-code-block hx-relative hx-mt-6 first:hx-mt-0 hx-group/code&#34;&gt;

&lt;div&gt;&lt;div class=&#34;highlight&#34;&gt;&lt;pre tabindex=&#34;0&#34; class=&#34;chroma&#34;&gt;&lt;code class=&#34;language-clojure&#34; data-lang=&#34;clojure&#34;&gt;&lt;span class=&#34;line&#34;&gt;&lt;span class=&#34;cl&#34;&gt;&lt;span class=&#34;nv&#34;&gt;true&lt;/span&gt;
&lt;/span&gt;&lt;/span&gt;&lt;span class=&#34;line&#34;&gt;&lt;span class=&#34;cl&#34;&gt;&lt;span class=&#34;c1&#34;&gt;;; -&amp;gt; true&lt;/span&gt;
&lt;/span&gt;&lt;/span&gt;&lt;span class=&#34;line&#34;&gt;&lt;span class=&#34;cl&#34;&gt;
&lt;/span&gt;&lt;/span&gt;&lt;span class=&#34;line&#34;&gt;&lt;span class=&#34;cl&#34;&gt;&lt;span class=&#34;nv&#34;&gt;false&lt;/span&gt;
&lt;/span&gt;&lt;/span&gt;&lt;span class=&#34;line&#34;&gt;&lt;span class=&#34;cl&#34;&gt;&lt;span class=&#34;c1&#34;&gt;;; -&amp;gt; false&lt;/span&gt;
&lt;/span&gt;&lt;/span&gt;&lt;span class=&#34;line&#34;&gt;&lt;span class=&#34;cl&#34;&gt;
&lt;/span&gt;&lt;/span&gt;&lt;span class=&#34;line&#34;&gt;&lt;span class=&#34;cl&#34;&gt;&lt;span class=&#34;c1&#34;&gt;;; absense of value&lt;/span&gt;
&lt;/span&gt;&lt;/span&gt;&lt;span class=&#34;line&#34;&gt;&lt;span class=&#34;cl&#34;&gt;&lt;span class=&#34;nv&#34;&gt;nil&lt;/span&gt;
&lt;/span&gt;&lt;/span&gt;&lt;span class=&#34;line&#34;&gt;&lt;span class=&#34;cl&#34;&gt;&lt;span class=&#34;c1&#34;&gt;;; -&amp;gt; nil&lt;/span&gt;&lt;/span&gt;&lt;/span&gt;&lt;/code&gt;&lt;/pre&gt;&lt;/div&gt;&lt;/div&gt;&lt;div class=&#34;hextra-code-copy-btn-container hx-opacity-0 hx-transition group-hover/code:hx-opacity-100 hx-flex hx-gap-1 hx-absolute hx-m-[11px] hx-right-0 hx-top-0&#34;&gt;
  &lt;button
    class=&#34;hextra-code-copy-btn hx-group/copybtn hx-transition-all active:hx-opacity-50 hx-bg-primary-700/5 hx-border hx-border-black/5 hx-text-gray-600 hover:hx-text-gray-900 hx-rounded-md hx-p-1.5 dark:hx-bg-primary-300/10 dark:hx-border-white/10 dark:hx-text-gray-400 dark:hover:hx-text-gray-50&#34;
    title=&#34;Copy code&#34;
  &gt;
    &lt;div class=&#34;copy-icon group-[.copied]/copybtn:hx-hidden hx-pointer-events-none hx-h-4 hx-w-4&#34;&gt;&lt;/div&gt;
    &lt;div class=&#34;success-icon hx-hidden group-[.copied]/copybtn:hx-block hx-pointer-events-none hx-h-4 hx-w-4&#34;&gt;&lt;/div&gt;
  &lt;/button&gt;
&lt;/div&gt;
&lt;/div&gt;

      </description>
    </item>
    
    <item>
      <title>Copy clipboard in wayland</title>
      <link>https://ravish0007.netlify.app/docs/clipboard-copy-lan-mouse/</link>
      <pubDate>Mon, 01 Jan 0001 00:00:00 +0000</pubDate>
      
      <guid>https://ravish0007.netlify.app/docs/clipboard-copy-lan-mouse/</guid>
      <description>
        
        
        &lt;p&gt;&amp;ldquo;lan-mouse&amp;rdquo; is mouse and keyboard sharing program comes with swayWM support but with a caveat of not sharing clipboard, below is hack found on their github issue to share clipboard&lt;/p&gt;
&lt;p&gt;dependency: wl-clipboard&lt;/p&gt;
&lt;div class=&#34;hextra-code-block hx-relative hx-mt-6 first:hx-mt-0 hx-group/code&#34;&gt;

&lt;pre&gt;&lt;code&gt;#!/bin/bash
SEND=&amp;#34;user@remotehost&amp;#34;
notify-send -i clipboard &amp;#34;Copying clipboard to &amp;#39;$SEND&amp;#39;...&amp;#34;
if wl-paste --no-newline | ssh &amp;#34;$SEND&amp;#34; &amp;#34;env WAYLAND_DISPLAY=&amp;#39;wayland-1&amp;#39; wl-copy &amp;gt; /dev/null 2&amp;gt;&amp;amp;1&amp;#34;; then
    notify-send -i edit-copy &amp;#34;Clipboard copied to &amp;#39;$SEND&amp;#39;&amp;#34;
else
    notify-send -i error &amp;#34;Failed to copy clipboard to &amp;#39;$SEND&amp;#39;&amp;#34;
fi&lt;/code&gt;&lt;/pre&gt;&lt;div class=&#34;hextra-code-copy-btn-container hx-opacity-0 hx-transition group-hover/code:hx-opacity-100 hx-flex hx-gap-1 hx-absolute hx-m-[11px] hx-right-0 hx-top-0&#34;&gt;
  &lt;button
    class=&#34;hextra-code-copy-btn hx-group/copybtn hx-transition-all active:hx-opacity-50 hx-bg-primary-700/5 hx-border hx-border-black/5 hx-text-gray-600 hover:hx-text-gray-900 hx-rounded-md hx-p-1.5 dark:hx-bg-primary-300/10 dark:hx-border-white/10 dark:hx-text-gray-400 dark:hover:hx-text-gray-50&#34;
    title=&#34;Copy code&#34;
  &gt;
    &lt;div class=&#34;copy-icon group-[.copied]/copybtn:hx-hidden hx-pointer-events-none hx-h-4 hx-w-4&#34;&gt;&lt;/div&gt;
    &lt;div class=&#34;success-icon hx-hidden group-[.copied]/copybtn:hx-block hx-pointer-events-none hx-h-4 hx-w-4&#34;&gt;&lt;/div&gt;
  &lt;/button&gt;
&lt;/div&gt;
&lt;/div&gt;

      </description>
    </item>
    
    <item>
      <title>Learn You a Haskell</title>
      <link>https://ravish0007.netlify.app/docs/learn-you-haskell/</link>
      <pubDate>Mon, 01 Jan 0001 00:00:00 +0000</pubDate>
      
      <guid>https://ravish0007.netlify.app/docs/learn-you-haskell/</guid>
      <description>
        
        
        &lt;p&gt;&lt;a href=&#34;https://www.haskell.org&#34;&gt;Haskell&lt;/a&gt; can be installed by running the following command.&lt;/p&gt;
&lt;div class=&#34;hextra-code-block hx-relative hx-mt-6 first:hx-mt-0 hx-group/code&#34;&gt;

&lt;pre&gt;&lt;code&gt;curl --proto &amp;#39;=https&amp;#39; --tlsv1.2 -sSf https://get-ghcup.haskell.org | sh&lt;/code&gt;&lt;/pre&gt;&lt;div class=&#34;hextra-code-copy-btn-container hx-opacity-0 hx-transition group-hover/code:hx-opacity-100 hx-flex hx-gap-1 hx-absolute hx-m-[11px] hx-right-0 hx-top-0&#34;&gt;
  &lt;button
    class=&#34;hextra-code-copy-btn hx-group/copybtn hx-transition-all active:hx-opacity-50 hx-bg-primary-700/5 hx-border hx-border-black/5 hx-text-gray-600 hover:hx-text-gray-900 hx-rounded-md hx-p-1.5 dark:hx-bg-primary-300/10 dark:hx-border-white/10 dark:hx-text-gray-400 dark:hover:hx-text-gray-50&#34;
    title=&#34;Copy code&#34;
  &gt;
    &lt;div class=&#34;copy-icon group-[.copied]/copybtn:hx-hidden hx-pointer-events-none hx-h-4 hx-w-4&#34;&gt;&lt;/div&gt;
    &lt;div class=&#34;success-icon hx-hidden group-[.copied]/copybtn:hx-block hx-pointer-events-none hx-h-4 hx-w-4&#34;&gt;&lt;/div&gt;
  &lt;/button&gt;
&lt;/div&gt;
&lt;/div&gt;
&lt;p&gt;Followed by answering prompt question with Y | N | Enter.&lt;/p&gt;

      </description>
    </item>
    
    <item>
      <title>Screen orientation in Sway</title>
      <link>https://ravish0007.netlify.app/docs/screen-orientation-sway/</link>
      <pubDate>Mon, 01 Jan 0001 00:00:00 +0000</pubDate>
      
      <guid>https://ravish0007.netlify.app/docs/screen-orientation-sway/</guid>
      <description>
        
        
        &lt;p&gt;To automatically adjust my monitors on start up, I need to do the following and put it in sway config.&lt;/p&gt;
&lt;p&gt;Get all the display outputs, along with their positions, modes and rotation&lt;/p&gt;
&lt;div class=&#34;hextra-code-block hx-relative hx-mt-6 first:hx-mt-0 hx-group/code&#34;&gt;

&lt;pre&gt;&lt;code&gt;swaymsg -t get_outputs&lt;/code&gt;&lt;/pre&gt;&lt;div class=&#34;hextra-code-copy-btn-container hx-opacity-0 hx-transition group-hover/code:hx-opacity-100 hx-flex hx-gap-1 hx-absolute hx-m-[11px] hx-right-0 hx-top-0&#34;&gt;
  &lt;button
    class=&#34;hextra-code-copy-btn hx-group/copybtn hx-transition-all active:hx-opacity-50 hx-bg-primary-700/5 hx-border hx-border-black/5 hx-text-gray-600 hover:hx-text-gray-900 hx-rounded-md hx-p-1.5 dark:hx-bg-primary-300/10 dark:hx-border-white/10 dark:hx-text-gray-400 dark:hover:hx-text-gray-50&#34;
    title=&#34;Copy code&#34;
  &gt;
    &lt;div class=&#34;copy-icon group-[.copied]/copybtn:hx-hidden hx-pointer-events-none hx-h-4 hx-w-4&#34;&gt;&lt;/div&gt;
    &lt;div class=&#34;success-icon hx-hidden group-[.copied]/copybtn:hx-block hx-pointer-events-none hx-h-4 hx-w-4&#34;&gt;&lt;/div&gt;
  &lt;/button&gt;
&lt;/div&gt;
&lt;/div&gt;
&lt;p&gt;Following is to setup a mode and DP-2 is name of the display, retrieved from above.&lt;/p&gt;
&lt;div class=&#34;hextra-code-block hx-relative hx-mt-6 first:hx-mt-0 hx-group/code&#34;&gt;

&lt;pre&gt;&lt;code&gt;swaymsg output DP-2 mode 1920x1080@60hz&lt;/code&gt;&lt;/pre&gt;&lt;div class=&#34;hextra-code-copy-btn-container hx-opacity-0 hx-transition group-hover/code:hx-opacity-100 hx-flex hx-gap-1 hx-absolute hx-m-[11px] hx-right-0 hx-top-0&#34;&gt;
  &lt;button
    class=&#34;hextra-code-copy-btn hx-group/copybtn hx-transition-all active:hx-opacity-50 hx-bg-primary-700/5 hx-border hx-border-black/5 hx-text-gray-600 hover:hx-text-gray-900 hx-rounded-md hx-p-1.5 dark:hx-bg-primary-300/10 dark:hx-border-white/10 dark:hx-text-gray-400 dark:hover:hx-text-gray-50&#34;
    title=&#34;Copy code&#34;
  &gt;
    &lt;div class=&#34;copy-icon group-[.copied]/copybtn:hx-hidden hx-pointer-events-none hx-h-4 hx-w-4&#34;&gt;&lt;/div&gt;
    &lt;div class=&#34;success-icon hx-hidden group-[.copied]/copybtn:hx-block hx-pointer-events-none hx-h-4 hx-w-4&#34;&gt;&lt;/div&gt;
  &lt;/button&gt;
&lt;/div&gt;
&lt;/div&gt;
&lt;p&gt;Can be rotated as follows.&lt;/p&gt;
&lt;div class=&#34;hextra-code-block hx-relative hx-mt-6 first:hx-mt-0 hx-group/code&#34;&gt;

&lt;pre&gt;&lt;code&gt;swaymsg output DP-2 transform 90&lt;/code&gt;&lt;/pre&gt;&lt;div class=&#34;hextra-code-copy-btn-container hx-opacity-0 hx-transition group-hover/code:hx-opacity-100 hx-flex hx-gap-1 hx-absolute hx-m-[11px] hx-right-0 hx-top-0&#34;&gt;
  &lt;button
    class=&#34;hextra-code-copy-btn hx-group/copybtn hx-transition-all active:hx-opacity-50 hx-bg-primary-700/5 hx-border hx-border-black/5 hx-text-gray-600 hover:hx-text-gray-900 hx-rounded-md hx-p-1.5 dark:hx-bg-primary-300/10 dark:hx-border-white/10 dark:hx-text-gray-400 dark:hover:hx-text-gray-50&#34;
    title=&#34;Copy code&#34;
  &gt;
    &lt;div class=&#34;copy-icon group-[.copied]/copybtn:hx-hidden hx-pointer-events-none hx-h-4 hx-w-4&#34;&gt;&lt;/div&gt;
    &lt;div class=&#34;success-icon hx-hidden group-[.copied]/copybtn:hx-block hx-pointer-events-none hx-h-4 hx-w-4&#34;&gt;&lt;/div&gt;
  &lt;/button&gt;
&lt;/div&gt;
&lt;/div&gt;
&lt;p&gt;Extra bit to have positions set.&lt;/p&gt;
&lt;div class=&#34;hextra-code-block hx-relative hx-mt-6 first:hx-mt-0 hx-group/code&#34;&gt;

&lt;pre&gt;&lt;code&gt;swaymsg output DP-2 position 3840,0&lt;/code&gt;&lt;/pre&gt;&lt;div class=&#34;hextra-code-copy-btn-container hx-opacity-0 hx-transition group-hover/code:hx-opacity-100 hx-flex hx-gap-1 hx-absolute hx-m-[11px] hx-right-0 hx-top-0&#34;&gt;
  &lt;button
    class=&#34;hextra-code-copy-btn hx-group/copybtn hx-transition-all active:hx-opacity-50 hx-bg-primary-700/5 hx-border hx-border-black/5 hx-text-gray-600 hover:hx-text-gray-900 hx-rounded-md hx-p-1.5 dark:hx-bg-primary-300/10 dark:hx-border-white/10 dark:hx-text-gray-400 dark:hover:hx-text-gray-50&#34;
    title=&#34;Copy code&#34;
  &gt;
    &lt;div class=&#34;copy-icon group-[.copied]/copybtn:hx-hidden hx-pointer-events-none hx-h-4 hx-w-4&#34;&gt;&lt;/div&gt;
    &lt;div class=&#34;success-icon hx-hidden group-[.copied]/copybtn:hx-block hx-pointer-events-none hx-h-4 hx-w-4&#34;&gt;&lt;/div&gt;
  &lt;/button&gt;
&lt;/div&gt;
&lt;/div&gt;
&lt;p&gt;Finally compose all that together and add it sway config&lt;/p&gt;
&lt;div class=&#34;hextra-code-block hx-relative hx-mt-6 first:hx-mt-0 hx-group/code&#34;&gt;

&lt;pre&gt;&lt;code&gt;output DP-2 mode 1920x1080@60hz position 3840,0 transform 90&lt;/code&gt;&lt;/pre&gt;&lt;div class=&#34;hextra-code-copy-btn-container hx-opacity-0 hx-transition group-hover/code:hx-opacity-100 hx-flex hx-gap-1 hx-absolute hx-m-[11px] hx-right-0 hx-top-0&#34;&gt;
  &lt;button
    class=&#34;hextra-code-copy-btn hx-group/copybtn hx-transition-all active:hx-opacity-50 hx-bg-primary-700/5 hx-border hx-border-black/5 hx-text-gray-600 hover:hx-text-gray-900 hx-rounded-md hx-p-1.5 dark:hx-bg-primary-300/10 dark:hx-border-white/10 dark:hx-text-gray-400 dark:hover:hx-text-gray-50&#34;
    title=&#34;Copy code&#34;
  &gt;
    &lt;div class=&#34;copy-icon group-[.copied]/copybtn:hx-hidden hx-pointer-events-none hx-h-4 hx-w-4&#34;&gt;&lt;/div&gt;
    &lt;div class=&#34;success-icon hx-hidden group-[.copied]/copybtn:hx-block hx-pointer-events-none hx-h-4 hx-w-4&#34;&gt;&lt;/div&gt;
  &lt;/button&gt;
&lt;/div&gt;
&lt;/div&gt;

      </description>
    </item>
    
  </channel>
</rss>
