<rss version="2.0" xmlns:atom="http://www.w3.org/2005/Atom">
  <channel>
    <title>./ravi.sh – Categories</title>
    <link>https://ravish0007.netlify.app/categories/</link>
    <description>Recent content in Categories on ./ravi.sh</description>
    <generator>Hugo -- gohugo.io</generator>
    <language>en</language>
    
	  <atom:link href="https://ravish0007.netlify.app/categories/index.xml" rel="self" type="application/rss+xml" />
    
    
      
        
      
    
    
  </channel>
</rss>
