{"/about/":{"data":{"":"Hey there, My name is Ravish, stands for sun, in my language and I go by ravish0007.\nI’m a self taught programmer and attended GeekSkool, and currently working at NightHack.\nCurrently, my interests are aligned with learning FP.\nEmail: ravish.nfs [AT] gmail.com SecureEmail: ravish0007 [AT] disroot.org XMPP: ravish0007 [AT] disroot.org LinkedIn: linkedin.com/in/ravish-shankar GPG: https://keyserver.ubuntu.com/pks/lookup?op=get\u0026search=0x4580a81f97d24ce8"},"title":"About"},"/blog/":{"data":{"":" "},"title":"Blog Posts"},"/blog/ai-human-interface/":{"data":{"":"AI is like good thing to have, it reduces search time on the web when we are trying to compose certain things. It gives you sweet workable parts, but suppresses your thinking capacity by a minute amount everytime. All one has to do is copy, and paste and evaluate.\nI’d like a coin a term, AHI, AI human interface, as stupid as it sounds. An AHI is just middle layer between AI as a function and target solution nirvana.\nIt is terrible if you become a pure AHI. The one who prompts end goal, copy, paste, repeat. Without activating the thinking mode. Because this particular category is going get replaced by AI again.\nSo next time, step back from hitting the enter button on the prompt, and enter the thinking mode."},"title":"AI Human Interface"},"/blog/dance-like-one/":{"data":{"":"The best bit I have picked myself up, so far, is actually doing the dance moves than studying them.\nSure, It may look like jackass moves but sometimes it works. Hard work and persistence comes in the middle. Keeping the distraction away…\nAll the gyan crap away, it works and the “fun” component is mostly coupled with it.\nAnd that’s about it. Well, as they say everything is fruit and salad, except few outliers, or maybe the layers of underneath are again fruit and salad.\nHere is a whole new evolution, that feels so normal, but has taken so many mixes to evolve into this stage.\nWithout any layer underneath, the whole diverse economy of consciousness seizes to exist.\nDrama aside, the languages of all forms that both formal and informal has driven us into the wild.\nThe time we are born, we are into a whole new world, and we begin to start perceiving things. There is no exact degree that all we are perceiving the same thing but there are ranges with complicated mixed boundaries.\nHow formally could one describe like love, pain and sorrow. We all perceive them very differently and we can only imagine it, “Oh, maybe he/she is feeling the same is me”, and often we transfer them consciously or subconsciously.\nBut there comes these weird symbols etched of all kinds into timeless waves of evolution, maybe there are timed but they carry the whole evolution on their other side, without which it seizes to exist, and its going to keep moving to the other side of eternity of eternal dimensions.\nI just want to say thank you to all the elements that have composed layer on who knows how many layers, and all the authors/creators (“expressors”) of all kind who expressed themselves so that others could create a “fruit and salad” of their own and that I feel this complex emotion, I don’t know what it is and sure hell, I’m having fun…"},"title":"Dance like one"},"/blog/end-game/":{"data":{"":"We live in era of the dawn of artificial intelligence systems, or maybe call it a phase of an era, systems that are fiddling in different dimensions of intelligence.\nYou listen to a song in Youtube Music or Spotify, what not, next thing up, a random song appears that fits your mood. Is it random at all?\nIt predictions, based on the traces we have left.\nSo, now the new age of generations of similar possible traces, or generative AI, predicting some kind of data, that is guessable by human intelligence which recognizes similar patterns and appealing to the builtin senses.\nWhat if the end game is getting into your whole bionic memory, extracting all the contexts, that is encoded in form of basic chemistry, decoding them and loading up all the contexts that our tiny brains have produced so far and feeding it to the Generative AI that predicts all our possible thoughts, that might feel random to us, but are not random anymore.\nIs that the end game we are heading to? Although we are still stuck at mimicking human like behaviour and making robots that will be human like servants.\nGuess we’ll be trying to crack “Artificial Consciousness”, and a great man has said, a Consciousness can not be made out of clocks, though we are composed of known elements and we feel state of being aware.\nA question to ponder in a thousand years…"},"title":"End Game of Contextual Flowers"},"/blog/first-debian-package/":{"data":{"":"I attended Debconf, Kochi, India. Meeting diverse people with various background taught me lot. It also taught me pain and suffering, seeing a fellow human leave us in between.\nFortunately, I was able to do debian packaging on the side, particularly ruby.\nThis is a thank you note for Pirate Praveen, and Vinay Keshava for helping me out in doing so.\nMy first debian package is ruby-duo-api.\nThank you Debian."},"title":"My first Debian package"},"/blog/getting-over-it/":{"data":{"":"Reminding myself about The Law of Triviality, I decided that I ought to settle for writing, not preplanning of layouts or design or yada yada. In the past, all my nerdy and geeky broadcasts were nothing but few video clips scattered on my Instagram and disappeared WhatsApp statuses. After joining Summer Training from dgplug and following their advice on blogging plus recalling a bit of “Portfolio v/s resume” made me write this very post and told myself how cool this was."},"title":"Getting Over It"},"/blog/hello-world-again/":{"data":{"":"I’m with nighthack now, and I had lost access to source of this blog. Meanwhile I have been tinkering, learning fuctional bits, gave a retry to all the things that were in my mind.\nWell, This is a blog post is to put back the online presense. I also went to Debian India conference, made some friends, it was an incredible experience.\nRight now, I and my team working towards no code tools, I’m in db-builder team.\nAnd today is my sister’s birthday, took a holiday to have fun together and roam around with her.\nUntil next time, real soon… Thanks!"},"title":"Hello World (again)"},"/blog/its-a-wrap/":{"data":{"":"I graduated from GeekSkool, with a pending final project, and hoping to complete it on weekends.\nThe most valuable thing I learned from GeekSkool is not to overthink a project or optimize it prematurely for that matter, the spirit of accomplishing tasks little by little in a progressive manner brings joy and is quite tangible to measure. I like this spirit, and I like to stick with it.\nI’ve made a few personal resolutions, one among them is ABC “always be coding” (learning in general). Currently, studying Composing Programs. I’ve created a few repositories to track them. Few more are,\nSetting up a home lab and having a hosted machine\nWrite regularly on experiments\nMake some videos with 3b1b’s manimlib for fun\nThat’s it, folks!"},"title":"It's a wrap...or is it?"},"/blog/joining-geekskool/":{"data":{"":"I was looking for jobs on hasjobs.co and stumbled upon a post that pointed to GeekSkool, a programming boot camp, which I applied to it later on.\nI got a call on next day, and I was told to study the first six chapters of Eloquent JavaScript. After completing it, I went to GeekSkool for a screening test, I almost got failed by not answering “Name inbuilt data types in JS \u0026 What’s a Closure?”, I was accompanied by luck on that day. I joined GeekSkool in January 2022.\nFast-forward, I have been going to GeekSkool every day since March. My friends and I solve assignments, present them every Friday to get reviewed. Sometimes reviews are brutal, but assignments are exciting to solve.\nSo far we have written JSON parser, lisp interpreter and a todo app (clone of GNOME Todos). Recently I wrote an HTTP server, which resembles Express but is very basic.\nIt’s a lot of mixed feeling with a few personal events lately, going through a loss, a scar for a lifetime, hope it’ll get better in time…"},"title":"Joining GeekSkool"},"/blog/loophole-in-a-loophole/":{"data":{"":"When I surf on the web, sometimes there won’t be a limit to curiosity. When I look at a catchy program, I want to try it at that very instant, but this is almost impossible in a typical work computer. For each software, I either had to look into the employer’s custom app store or write a mail to local IT and wait for several hours or sometimes days, and it better had a business use case to them.\nThere were restrictions on so many domains, web extensions were out of reach, annoying Windows GUI. All in all, it was terrible!\nI’m fully aware of this issue not being personal, but having accurate security concern, but I wanted an escape very badly, it started with my frequent visits to Google’s cloud shell. I had no idea about the “web-preview” feature of it. Somehow, I came with an idea of having a browser inside a browser. I knew about a CLI web browser called browsh, and it had a server mode, which I tried on cloud shell and there it was, a browser inside a browser. It wasn’t appealing as it was pixelated.\nI went on searching for a project, which takes care of my “browser in a browser” requirement. I tried to frame a question as precisely as possible but had to unstick XY off of my face in ArchLinux discord, but someone understood it’s about finding a loophole in a loophole and hence the title and finally stumbled on ViewFinder. It took me a while to get it running and there was pure relief on port 8002.\nIt used to crash because many threads were getting created while loading heavy pages. I kept on going, but this time I wanted a VNC in a browser. Luckily this wasn’t hard as the previous hunt and came across novnc for the very first time. Fascinating! I got it working after putting a whole afternoon into it and some more time on making a script to work.\nAnyway, now I have a full-fledged Linux environment in a browser tab, which is also crazy fast. There were no restrictions whatsoever inside that machine, I could visit any site I wanted, try beautiful programs and carry out weird experiments. Voilà! Freedom and joy in the end. Well! The sound wouldn’t work, I had my ways around it.\nWhat followed after many months is a single command in termux will set up the environment whenever I needed it. That is all for now, find it here to hack around."},"title":"Loophole in a Loophole"},"/blog/project-euler-47/":{"data":{"":"Hello again, let us talk to project-euler 47 (https://projecteuler.net/problem=47). My friend Vin* is little cool, she bugged me with project-euler-47, this post is just a text version of my thoughts and few little random walks.","addressing-the-structure-and-defining-functionality#Addressing the structure, and defining functionality":" def has_distinct_prime_factors(numbers): return true for numbers in four_consecutive_number_generator(): if has_distinct_prime_factors(numbers): print(numbers) break ","all-together-and-little-debugging-here-and-there#All together, and little debugging here and there":" import math def four_consecutive_number_generator(start=0): local_number = start while True: yield [local_number, local_number + 1, local_number + 2, local_number + 3] local_number += 1 # Hello problem-3, doesn't work for 0, 1 def get_prime_factors(number): prime_factors = [] while number % 2 == 0: number = number / 2 prime_factors.append(2) for index in range(3, int(math.sqrt(number)) + 1, 2): while number % index == 0: prime_factors.append(index) number = number / index if number \u003e 2: prime_factors.append(number) return prime_factors def has_distinct_prime_factors(numbers, length): for each_number in numbers: factors = get_prime_factors(each_number) if len(set(factors)) != length: # distinct, final piece return False return True for numbers in four_consecutive_number_generator(start=1): print('processing: ', *numbers, flush=True) if has_distinct_prime_factors(numbers, length=4): print(numbers) break Thank you Euler, Project Euler and Viny.\nP.S: https://github.com/ravish0007/projecteuler/blob/main/problem-47/main.py","defining-functionality-a-little#Defining functionality, a little":" def get_factors(number): return [] def has_distinct_prime_factors(numbers): for each_number in numbers: factors = get_factors(each_number) ","distinct-prime-factors#Distinct prime factors":" The first two consecutive numbers to have two distinct prime factors are: 14 = 2 × 7 15 = 3 × 5 The first three consecutive numbers to have three distinct prime factors are: 644 = 2² × 7 × 23 645 = 3 × 5 × 43 646 = 2 × 17 × 19. Find the first four consecutive integers to have four distinct prime factors each. What is the first of these numbers? ","putting-prime_factors-functionality-hello-problem-3#Putting prime_factors functionality, Hello problem-3":" def get_prime_factors(number): prime_factors = [] while number % 2 == 0: number = number / 2 prime_factors.append(2) for index in range(3, int(math.sqrt(number)) + 1, 2): while n % index == 0: prime_factors.append(index) number = number / index if number \u003e 2: prime_factors.append(number) return prime_factors def has_distinct_prime_factors(numbers): for each_number in numbers: factors = get_prime_factors(each_number) print(factors) ","re-read-the-problem-addressing-the-previous-implementation#Re-Read the problem, addressing the previous implementation":" def four_consecutive_number_generator(start=0): local_number = start while True: yield [local_number, local_number + 1, local_number + 2, local_number + 3] local_number += 1 for first_number, second_number, third_number, fourth_number in four_consecutive_number_generator(): print(first_number, second_number, third_number, fourth_number) ","scaffolding-mainpy#Scaffolding main.py":" def some_functionality(number): pass import itertools for number in itertools.count(): if some_functionality(number): print(number) break "},"title":"Hello Project-Euler 47, I'm ravish0007"},"/blog/the-real-end-game/":{"data":{"":"There is light, there is dark and there exist a dimension where it can’t be described by mere words, It’s not hell nor heaven, not the last stage of heaven, last stage of hell.\nIt’s the stillness, a state of absolute nothingness, its a way to absolute end of the game of lives.\nI can only imagine it, fell it by mere mortal brain, It’s not something to be asked, I guess its a grant.\nI can only imagine it, feel it by my mere mortal brain, its not something to be asked, I guess its a grant. They say its “moksha”, but deep down I know, the beautiful thing called as “death” is not a way to it.\nHey Divine Creator, If you are listening with your obvious channels, I know I’m longing for it, but I’m just a dot around the tiny pebble in your grand things of “samsara”.\nGuide me towards it…\nP.S: If you are not the divine creator, kindly ignore my noise."},"title":"The Real End Game"},"/blog/validating-sudoku/":{"data":{"":"I was asked to validate a sudoku, So far I’ve never tried it although I have come across this multiple times. I wrote some code with naive approach, one board state and bunch of impure functions around it.\nconst board = []; function init() { for (let i = 0; i \u003c 9; i++) { board.push([null, null, null, null, null, null, null, null, null]); } } function validateInputs(row, col, value) { if (row \u003e 8 || row \u003c 0) { throw new Error(\"row in not in range\"); } if (col \u003e 8 || col \u003c 0) { throw new Error(\"row in not in range\"); } if (value \u003e 9 || value \u003c 1) { throw new Error(\"value in not in range\"); } } function printBoard() { console.log( board .map((row) =\u003e row.map((element) =\u003e (element ? element : \" \")).join(\"|\")) .join(\"\\n\") ); } function validateRows() { let seen = {}; for (const row of board) { for (const number of row) { if (number \u0026\u0026 number in seen) { return false; } else { seen[number] = true; } } seen = {}; } return true; } function validateColumns() { let seen = {}; for (let col = 0; col \u003c 9; col++) { for (let row = 0; row \u003c 9; row++) { const number = board[row][col]; if (number \u0026\u0026 number in seen) { return false; } else { seen[number] = true; } } } return true; } function validateBoxes() { seen = {}; for (let r = 0; r \u003c 9; r = r + 3) { for (let c = 0; c \u003c 9; c = c + 3) { for (let row = 0; row \u003c 3; row++) { for (let col = 0; col \u003c 3; col++) { const number = board[r + row][c + col]; if (number \u0026\u0026 number in seen) { return false; } else { seen[number] = true; } } } } } return true; } function validateBoardState() { isRowValid = validateRows(); isColumnValid = validateColumns(); isBoxesValid = validateBoxes(); return isRowValid \u0026\u0026 isColumnValid \u0026\u0026 isBoxesValid; } function sudoku([indices, value]) { const [row, col] = indices; validateInputs(row, col, value); if (board[row][col]) { throw new Error(\"positon in the board is already occupied\"); } board[row][col] = value; const isValid = validateBoardState(); if (!isValid) { board[row][col] = null; } } init(); sudoku([[0, 0], 2]); sudoku([[0, 1], 3]); sudoku([[0, 2], 4]); sudoku([[1, 0], 5]); sudoku([[1, 1], 6]); sudoku([[1, 2], 7]); sudoku([[2, 0], 8]); sudoku([[2, 1], 9]); sudoku([[2, 2], 9]); // sudoku([[0, 2], 4]); printBoard(); "},"title":"Validating Sudoku"},"/docs/":{"data":{"":"This section contains different pieces that were carried out in the past to be referred later."},"title":"Docs"},"/docs/clipboard-copy-lan-mouse/":{"data":{"":"“lan-mouse” is mouse and keyboard sharing program comes with swayWM support but with a caveat of not sharing clipboard, below is hack found on their github issue to share clipboard\ndependency: wl-clipboard\n#!/bin/bash SEND=\"user@remotehost\" notify-send -i clipboard \"Copying clipboard to '$SEND'...\" if wl-paste --no-newline | ssh \"$SEND\" \"env WAYLAND_DISPLAY='wayland-1' wl-copy \u003e /dev/null 2\u003e\u00261\"; then notify-send -i edit-copy \"Clipboard copied to '$SEND'\" else notify-send -i error \"Failed to copy clipboard to '$SEND'\" fi "},"title":"Copy clipboard in wayland"},"/docs/learn-you-haskell/":{"data":{"":"Haskell can be installed by running the following command.\ncurl --proto '=https' --tlsv1.2 -sSf https://get-ghcup.haskell.org | sh Followed by answering prompt question with Y | N | Enter."},"title":"Learn You a Haskell"},"/docs/living-clojure/":{"data":{"":"Clojure targets JVM, hence make sure java is installed.\njava --version Following is my JDK version.\nopenjdk 11.0.20.1 2023-08-24 OpenJDK Runtime Environment (build 11.0.20.1+1) OpenJDK 64-Bit Server VM (build 11.0.20.1+1, mixed mode) Next up, install leiningen\na) Create a project\nlein new lalaland b) CD into that\ncd lalaland c) Get the clojure REPL by running following command\nlein repl The above command shall give you repl and looks similar down below.\nnREPL server started on port 39187 on host 127.0.0.1 - nrepl://127.0.0.1:39187 REPL-y 0.5.1, nREPL 1.0.0 Clojure 1.11.1 OpenJDK 64-Bit Server VM 11.0.20.1+1 Docs: (doc function-name-here) (find-doc \"part-of-name-here\") Source: (source function-name-here) Javadoc: (javadoc java-object-or-class-here) Exit: Control+D or (exit) or (quit) Results: Stored in vars *1, *2, *3, an exception in *e lalaland.core=\u003e FIN"},"title":"Living Clojure"},"/docs/living-clojure/structure-of-clojure/":{"data":{"":"","the-structure-of-clojure#The Structure of Clojure":" Clojure Simple Values "},"title":"The Structure of Clojure"},"/docs/living-clojure/structure-of-clojure/simple-values/":{"data":{"":"The simple values of Clojure are as follows,","booleans#Booleans":" true ;; -\u003e true false ;; -\u003e false ;; absense of value nil ;; -\u003e nil ","characters#Characters":"preceding with backslash creates characters.\n\\j ;; -\u003e \\j ","integers#Integers":"Numeric value[s] as following\n47 ;; -\u003e 47 ","keywords#Keywords":"Symbolic identifiers and starts with a colon.\n:nice ;; -\u003e :nice ","ratios#Ratios":"Representation of values which won’t turn into decimals when evaluated.\n1/9 ;; -\u003e 1/9 ","strings#Strings":"putting quotes around text.\n\"hello world\" ;; -\u003e \"hello world\" "},"title":"Clojure Simple Values"},"/docs/screen-orientation-sway/":{"data":{"":"To automatically adjust my monitors on start up, I need to do the following and put it in sway config.\nGet all the display outputs, along with their positions, modes and rotation\nswaymsg -t get_outputs Following is to setup a mode and DP-2 is name of the display, retrieved from above.\nswaymsg output DP-2 mode 1920x1080@60hz Can be rotated as follows.\nswaymsg output DP-2 transform 90 Extra bit to have positions set.\nswaymsg output DP-2 position 3840,0 Finally compose all that together and add it sway config\noutput DP-2 mode 1920x1080@60hz position 3840,0 transform 90 "},"title":"Screen orientation in Sway"},"/youtube/":{"data":{"":"Hi, I have a YouTube channel, and I do programming walkthroughs. I’m in middle of figuring out things.\nI have a hacky setup at this point, I use DroidCam and use my mobile as camera source, Davinci Resolve for video editing, I record audio on “Dolby On” app, and merge it to video later. I tried kdenlive, I had some problem with it. I might move to it later.\nCurrently, I’m working on producing Python Introductory Series and CSPRIMER solutions walkthroughs."},"title":"Youtube Walkthroughs"},"/youtube/setting_up_python/":{"data":{"":" Python is a fun and an amazing programming language. Its high level, It includes many builtin modules. Endless community modules to build things.\nInstead of asking “What can I do with Python?”, a better question would be “What can’t I do with Python?”\nI don’t want to dive into details where Python doesn’t fit. But it fits almost everywhere.\nYou can write Python programs that automate tasks for you, analyze data, do web programming, program hardwares to do cool stuff. Artificial Intelligence, Machine learning and the things that tickle your fancy.\nIn this video, I’ll demonstrate on how to setup a basic python development environment. Consists of a Terminal, Python itself and a code editor named Zed.\nGo through the following links to download above tools on your computer\nWezTerm Python Zed "},"title":"Setting up Python"}}