<rss version="2.0" xmlns:atom="http://www.w3.org/2005/Atom">
  <channel>
    <title>./ravi.sh – </title>
    <link>https://ravish0007.netlify.app/</link>
    <description>Recent content on ./ravi.sh</description>
    <generator>Hugo -- gohugo.io</generator>
    <language>en</language>
    
	  <atom:link href="https://ravish0007.netlify.app/index.xml" rel="self" type="application/rss+xml" />
    
    
      
      
    
    
    <item>
      <title>AI Human Interface</title>
      <link>https://ravish0007.netlify.app/blog/ai-human-interface/</link>
      <pubDate>Mon, 01 Jan 0001 00:00:00 +0000</pubDate>
      
      <guid>https://ravish0007.netlify.app/blog/ai-human-interface/</guid>
      <description>
        
        
        &lt;p&gt;AI is like good thing to have, it reduces search time on the web when we are trying to compose certain things.
It gives you sweet workable parts, but suppresses your thinking capacity by a minute amount everytime.
All one has to do is copy, and paste and evaluate.&lt;/p&gt;
&lt;p&gt;I&amp;rsquo;d like a coin a term, AHI, AI human interface, as stupid as it sounds. An AHI is just middle layer between AI as a function and target solution nirvana.&lt;/p&gt;
&lt;p&gt;It is terrible if you become a pure AHI. The one who prompts end goal, copy, paste, repeat. Without activating the thinking mode. Because this particular category is going get replaced by AI again.&lt;/p&gt;
&lt;p&gt;So next time, step back from hitting the enter button on the prompt, and enter the thinking mode.&lt;/p&gt;

      </description>
    </item>
    
    <item>
      <title>Dance like one</title>
      <link>https://ravish0007.netlify.app/blog/dance-like-one/</link>
      <pubDate>Mon, 01 Jan 0001 00:00:00 +0000</pubDate>
      
      <guid>https://ravish0007.netlify.app/blog/dance-like-one/</guid>
      <description>
        
        
        &lt;p&gt;The best bit I have picked myself up, so far,
is actually doing the dance moves than studying them.&lt;/p&gt;
&lt;p&gt;Sure, It may look like jackass moves but sometimes it works. Hard work and persistence comes in the middle. Keeping the distraction away&amp;hellip;&lt;/p&gt;
&lt;p&gt;All the gyan crap away, it works and the &amp;ldquo;fun&amp;rdquo; component is mostly coupled with it.&lt;/p&gt;
&lt;p&gt;And that&amp;rsquo;s about it. Well, as they say everything is fruit and salad, except few outliers, or maybe the layers of underneath are again fruit and salad.&lt;/p&gt;
&lt;p&gt;Here is a whole new evolution, that feels so normal, but has taken so many mixes
to evolve into this stage.&lt;/p&gt;
&lt;p&gt;Without any layer underneath, the whole diverse economy of consciousness seizes to exist.&lt;/p&gt;
&lt;p&gt;Drama aside, the languages of all forms that both formal and informal has driven us into the wild.&lt;/p&gt;
&lt;p&gt;The time we are born, we are into a whole new world, and we begin to start perceiving things.
There is no exact degree that all we are perceiving the same thing but there are ranges with complicated mixed boundaries.&lt;/p&gt;
&lt;p&gt;How formally could one describe like love, pain and sorrow.
We all perceive them very differently and we can only imagine it, &amp;ldquo;Oh, maybe he/she is feeling the same is me&amp;rdquo;, and often we transfer them consciously or subconsciously.&lt;/p&gt;
&lt;p&gt;But there comes these weird symbols etched of all kinds into timeless waves of evolution, maybe there are timed but they carry the whole evolution on their other side, without which it seizes to exist, and its going to keep moving to the other side of eternity of eternal dimensions.&lt;/p&gt;
&lt;p&gt;I just want to say thank you to all the elements that have composed layer on who knows how many layers, and all the authors/creators (&amp;ldquo;expressors&amp;rdquo;) of all kind who expressed themselves so that others could create a &amp;ldquo;fruit and salad&amp;rdquo; of their own and that I feel this complex emotion, I don&amp;rsquo;t know what it is and sure hell, I&amp;rsquo;m having fun&amp;hellip;&lt;/p&gt;

      </description>
    </item>
    
    <item>
      <title>End Game of Contextual Flowers</title>
      <link>https://ravish0007.netlify.app/blog/end-game/</link>
      <pubDate>Mon, 01 Jan 0001 00:00:00 +0000</pubDate>
      
      <guid>https://ravish0007.netlify.app/blog/end-game/</guid>
      <description>
        
        
        &lt;p&gt;We live in era of the dawn of artificial intelligence systems, or maybe call it a phase of an era, systems that are fiddling in different dimensions of intelligence.&lt;/p&gt;
&lt;p&gt;You listen to a song in Youtube Music or Spotify, what not, next thing up, a random song
appears that fits your mood. Is it random at all?&lt;/p&gt;
&lt;p&gt;It predictions, based on the traces we have left.&lt;/p&gt;
&lt;p&gt;So, now the new age of generations of similar possible traces, or generative AI, predicting
some kind of data, that is guessable by human intelligence which recognizes similar patterns
and appealing to the builtin senses.&lt;/p&gt;
&lt;p&gt;What if the end game is getting into your whole bionic memory, extracting all the contexts,
that is encoded in form of basic chemistry, decoding them and loading up all the contexts that
our tiny brains have produced so far and feeding it to the Generative AI that predicts all our
possible thoughts, that might feel random to us, but are not random anymore.&lt;/p&gt;
&lt;p&gt;Is that the end game we are heading to? Although we are still stuck at mimicking human like behaviour and making robots that will be human like servants.&lt;/p&gt;
&lt;p&gt;Guess we&amp;rsquo;ll be trying to crack &amp;ldquo;Artificial Consciousness&amp;rdquo;, and a great man has said, a Consciousness can not be made out of clocks, though we are composed of known elements and we feel state of being aware.&lt;/p&gt;
&lt;p&gt;A question to ponder in a thousand years&amp;hellip;&lt;/p&gt;

      </description>
    </item>
    
    <item>
      <title>Getting Over It</title>
      <link>https://ravish0007.netlify.app/blog/getting-over-it/</link>
      <pubDate>Mon, 01 Jan 0001 00:00:00 +0000</pubDate>
      
      <guid>https://ravish0007.netlify.app/blog/getting-over-it/</guid>
      <description>
        
        
        &lt;p&gt;Reminding myself about &lt;a href=&#34;https://github.com/dwmkerr/hacker-laws#the-law-of-triviality&#34;&gt;The Law of Triviality&lt;/a&gt;,
I decided that I ought to settle for writing, not preplanning of layouts or design or yada yada.
In the past, all my nerdy and geeky broadcasts were nothing but few video clips scattered on my Instagram and disappeared WhatsApp statuses.
After joining &lt;a href=&#34;https://foss.training/&#34;&gt;Summer Training&lt;/a&gt; from &lt;a hred=&#34;https://dgplug.org/&#34;&gt;dgplug&lt;/a&gt; and following their advice on &lt;a href=&#34;https://summertraining.readthedocs.io/en/latest/blogging.html&#34;&gt;blogging&lt;/a&gt;
plus recalling a bit of &lt;a href=&#34;https://matt.might.net/articles/what-cs-majors-should-know/&#34;&gt; &amp;ldquo;Portfolio v/s resume&amp;rdquo;&lt;/a&gt; made me write this very post and told myself how cool this was.&lt;/p&gt;

      </description>
    </item>
    
    <item>
      <title>Hello Project-Euler 47, I&#39;m ravish0007</title>
      <link>https://ravish0007.netlify.app/blog/project-euler-47/</link>
      <pubDate>Mon, 01 Jan 0001 00:00:00 +0000</pubDate>
      
      <guid>https://ravish0007.netlify.app/blog/project-euler-47/</guid>
      <description>
        
        
        &lt;p&gt;Hello again, let us talk to project-euler 47 (&lt;a href=&#34;https://projecteuler.net/problem=47%29&#34; target=&#34;_blank&#34; rel=&#34;noopener&#34;&gt;https://projecteuler.net/problem=47)&lt;/a&gt;.
My friend Vin* is little cool, she bugged me with project-euler-47,
this post is just a text version of my thoughts and few little random walks.&lt;/p&gt;
&lt;h2&gt;Distinct prime factors&lt;span class=&#34;hx-absolute -hx-mt-20&#34; id=&#34;distinct-prime-factors&#34;&gt;&lt;/span&gt;
    &lt;a href=&#34;#distinct-prime-factors&#34; class=&#34;subheading-anchor&#34; aria-label=&#34;Permalink for this section&#34;&gt;&lt;/a&gt;&lt;/h2&gt;&lt;div class=&#34;hextra-code-block hx-relative hx-mt-6 first:hx-mt-0 hx-group/code&#34;&gt;

&lt;pre&gt;&lt;code&gt;The first two consecutive numbers to have two distinct prime factors are:

  14 = 2 × 7
  15 = 3 × 5

The first three consecutive numbers to have three distinct prime factors are:

  644 = 2² × 7 × 23
  645 = 3 × 5 × 43
  646 = 2 × 17 × 19.

Find the first four consecutive integers to have four distinct prime factors each. What is the first of these numbers?&lt;/code&gt;&lt;/pre&gt;&lt;div class=&#34;hextra-code-copy-btn-container hx-opacity-0 hx-transition group-hover/code:hx-opacity-100 hx-flex hx-gap-1 hx-absolute hx-m-[11px] hx-right-0 hx-top-0&#34;&gt;
  &lt;button
    class=&#34;hextra-code-copy-btn hx-group/copybtn hx-transition-all active:hx-opacity-50 hx-bg-primary-700/5 hx-border hx-border-black/5 hx-text-gray-600 hover:hx-text-gray-900 hx-rounded-md hx-p-1.5 dark:hx-bg-primary-300/10 dark:hx-border-white/10 dark:hx-text-gray-400 dark:hover:hx-text-gray-50&#34;
    title=&#34;Copy code&#34;
  &gt;
    &lt;div class=&#34;copy-icon group-[.copied]/copybtn:hx-hidden hx-pointer-events-none hx-h-4 hx-w-4&#34;&gt;&lt;/div&gt;
    &lt;div class=&#34;success-icon hx-hidden group-[.copied]/copybtn:hx-block hx-pointer-events-none hx-h-4 hx-w-4&#34;&gt;&lt;/div&gt;
  &lt;/button&gt;
&lt;/div&gt;
&lt;/div&gt;
&lt;h2&gt;Scaffolding main.py&lt;span class=&#34;hx-absolute -hx-mt-20&#34; id=&#34;scaffolding-mainpy&#34;&gt;&lt;/span&gt;
    &lt;a href=&#34;#scaffolding-mainpy&#34; class=&#34;subheading-anchor&#34; aria-label=&#34;Permalink for this section&#34;&gt;&lt;/a&gt;&lt;/h2&gt;&lt;div class=&#34;hextra-code-block hx-relative hx-mt-6 first:hx-mt-0 hx-group/code&#34;&gt;

&lt;div&gt;&lt;div class=&#34;highlight&#34;&gt;&lt;pre tabindex=&#34;0&#34; class=&#34;chroma&#34;&gt;&lt;code class=&#34;language-python&#34; data-lang=&#34;python&#34;&gt;&lt;span class=&#34;line&#34;&gt;&lt;span class=&#34;cl&#34;&gt;&lt;span class=&#34;k&#34;&gt;def&lt;/span&gt; &lt;span class=&#34;nf&#34;&gt;some_functionality&lt;/span&gt;&lt;span class=&#34;p&#34;&gt;(&lt;/span&gt;&lt;span class=&#34;n&#34;&gt;number&lt;/span&gt;&lt;span class=&#34;p&#34;&gt;):&lt;/span&gt;
&lt;/span&gt;&lt;/span&gt;&lt;span class=&#34;line&#34;&gt;&lt;span class=&#34;cl&#34;&gt;    &lt;span class=&#34;k&#34;&gt;pass&lt;/span&gt;
&lt;/span&gt;&lt;/span&gt;&lt;span class=&#34;line&#34;&gt;&lt;span class=&#34;cl&#34;&gt;
&lt;/span&gt;&lt;/span&gt;&lt;span class=&#34;line&#34;&gt;&lt;span class=&#34;cl&#34;&gt;&lt;span class=&#34;kn&#34;&gt;import&lt;/span&gt; &lt;span class=&#34;nn&#34;&gt;itertools&lt;/span&gt;
&lt;/span&gt;&lt;/span&gt;&lt;span class=&#34;line&#34;&gt;&lt;span class=&#34;cl&#34;&gt;&lt;span class=&#34;k&#34;&gt;for&lt;/span&gt; &lt;span class=&#34;n&#34;&gt;number&lt;/span&gt; &lt;span class=&#34;ow&#34;&gt;in&lt;/span&gt; &lt;span class=&#34;n&#34;&gt;itertools&lt;/span&gt;&lt;span class=&#34;o&#34;&gt;.&lt;/span&gt;&lt;span class=&#34;n&#34;&gt;count&lt;/span&gt;&lt;span class=&#34;p&#34;&gt;():&lt;/span&gt;
&lt;/span&gt;&lt;/span&gt;&lt;span class=&#34;line&#34;&gt;&lt;span class=&#34;cl&#34;&gt;    &lt;span class=&#34;k&#34;&gt;if&lt;/span&gt; &lt;span class=&#34;n&#34;&gt;some_functionality&lt;/span&gt;&lt;span class=&#34;p&#34;&gt;(&lt;/span&gt;&lt;span class=&#34;n&#34;&gt;number&lt;/span&gt;&lt;span class=&#34;p&#34;&gt;):&lt;/span&gt;
&lt;/span&gt;&lt;/span&gt;&lt;span class=&#34;line&#34;&gt;&lt;span class=&#34;cl&#34;&gt;        &lt;span class=&#34;nb&#34;&gt;print&lt;/span&gt;&lt;span class=&#34;p&#34;&gt;(&lt;/span&gt;&lt;span class=&#34;n&#34;&gt;number&lt;/span&gt;&lt;span class=&#34;p&#34;&gt;)&lt;/span&gt;
&lt;/span&gt;&lt;/span&gt;&lt;span class=&#34;line&#34;&gt;&lt;span class=&#34;cl&#34;&gt;        &lt;span class=&#34;k&#34;&gt;break&lt;/span&gt;&lt;/span&gt;&lt;/span&gt;&lt;/code&gt;&lt;/pre&gt;&lt;/div&gt;&lt;/div&gt;&lt;div class=&#34;hextra-code-copy-btn-container hx-opacity-0 hx-transition group-hover/code:hx-opacity-100 hx-flex hx-gap-1 hx-absolute hx-m-[11px] hx-right-0 hx-top-0&#34;&gt;
  &lt;button
    class=&#34;hextra-code-copy-btn hx-group/copybtn hx-transition-all active:hx-opacity-50 hx-bg-primary-700/5 hx-border hx-border-black/5 hx-text-gray-600 hover:hx-text-gray-900 hx-rounded-md hx-p-1.5 dark:hx-bg-primary-300/10 dark:hx-border-white/10 dark:hx-text-gray-400 dark:hover:hx-text-gray-50&#34;
    title=&#34;Copy code&#34;
  &gt;
    &lt;div class=&#34;copy-icon group-[.copied]/copybtn:hx-hidden hx-pointer-events-none hx-h-4 hx-w-4&#34;&gt;&lt;/div&gt;
    &lt;div class=&#34;success-icon hx-hidden group-[.copied]/copybtn:hx-block hx-pointer-events-none hx-h-4 hx-w-4&#34;&gt;&lt;/div&gt;
  &lt;/button&gt;
&lt;/div&gt;
&lt;/div&gt;
&lt;h2&gt;Re-Read the problem, addressing the previous implementation&lt;span class=&#34;hx-absolute -hx-mt-20&#34; id=&#34;re-read-the-problem-addressing-the-previous-implementation&#34;&gt;&lt;/span&gt;
    &lt;a href=&#34;#re-read-the-problem-addressing-the-previous-implementation&#34; class=&#34;subheading-anchor&#34; aria-label=&#34;Permalink for this section&#34;&gt;&lt;/a&gt;&lt;/h2&gt;&lt;div class=&#34;hextra-code-block hx-relative hx-mt-6 first:hx-mt-0 hx-group/code&#34;&gt;

&lt;div&gt;&lt;div class=&#34;highlight&#34;&gt;&lt;pre tabindex=&#34;0&#34; class=&#34;chroma&#34;&gt;&lt;code class=&#34;language-python&#34; data-lang=&#34;python&#34;&gt;&lt;span class=&#34;line&#34;&gt;&lt;span class=&#34;cl&#34;&gt;&lt;span class=&#34;k&#34;&gt;def&lt;/span&gt; &lt;span class=&#34;nf&#34;&gt;four_consecutive_number_generator&lt;/span&gt;&lt;span class=&#34;p&#34;&gt;(&lt;/span&gt;&lt;span class=&#34;n&#34;&gt;start&lt;/span&gt;&lt;span class=&#34;o&#34;&gt;=&lt;/span&gt;&lt;span class=&#34;mi&#34;&gt;0&lt;/span&gt;&lt;span class=&#34;p&#34;&gt;):&lt;/span&gt;
&lt;/span&gt;&lt;/span&gt;&lt;span class=&#34;line&#34;&gt;&lt;span class=&#34;cl&#34;&gt;    &lt;span class=&#34;n&#34;&gt;local_number&lt;/span&gt; &lt;span class=&#34;o&#34;&gt;=&lt;/span&gt; &lt;span class=&#34;n&#34;&gt;start&lt;/span&gt;
&lt;/span&gt;&lt;/span&gt;&lt;span class=&#34;line&#34;&gt;&lt;span class=&#34;cl&#34;&gt;    &lt;span class=&#34;k&#34;&gt;while&lt;/span&gt; &lt;span class=&#34;kc&#34;&gt;True&lt;/span&gt;&lt;span class=&#34;p&#34;&gt;:&lt;/span&gt;
&lt;/span&gt;&lt;/span&gt;&lt;span class=&#34;line&#34;&gt;&lt;span class=&#34;cl&#34;&gt;        &lt;span class=&#34;k&#34;&gt;yield&lt;/span&gt; &lt;span class=&#34;p&#34;&gt;[&lt;/span&gt;&lt;span class=&#34;n&#34;&gt;local_number&lt;/span&gt;&lt;span class=&#34;p&#34;&gt;,&lt;/span&gt; &lt;span class=&#34;n&#34;&gt;local_number&lt;/span&gt; &lt;span class=&#34;o&#34;&gt;+&lt;/span&gt; &lt;span class=&#34;mi&#34;&gt;1&lt;/span&gt;&lt;span class=&#34;p&#34;&gt;,&lt;/span&gt;
&lt;/span&gt;&lt;/span&gt;&lt;span class=&#34;line&#34;&gt;&lt;span class=&#34;cl&#34;&gt;               &lt;span class=&#34;n&#34;&gt;local_number&lt;/span&gt; &lt;span class=&#34;o&#34;&gt;+&lt;/span&gt; &lt;span class=&#34;mi&#34;&gt;2&lt;/span&gt;&lt;span class=&#34;p&#34;&gt;,&lt;/span&gt; &lt;span class=&#34;n&#34;&gt;local_number&lt;/span&gt; &lt;span class=&#34;o&#34;&gt;+&lt;/span&gt; &lt;span class=&#34;mi&#34;&gt;3&lt;/span&gt;&lt;span class=&#34;p&#34;&gt;]&lt;/span&gt;
&lt;/span&gt;&lt;/span&gt;&lt;span class=&#34;line&#34;&gt;&lt;span class=&#34;cl&#34;&gt;        &lt;span class=&#34;n&#34;&gt;local_number&lt;/span&gt; &lt;span class=&#34;o&#34;&gt;+=&lt;/span&gt; &lt;span class=&#34;mi&#34;&gt;1&lt;/span&gt;
&lt;/span&gt;&lt;/span&gt;&lt;span class=&#34;line&#34;&gt;&lt;span class=&#34;cl&#34;&gt;
&lt;/span&gt;&lt;/span&gt;&lt;span class=&#34;line&#34;&gt;&lt;span class=&#34;cl&#34;&gt;&lt;span class=&#34;k&#34;&gt;for&lt;/span&gt; &lt;span class=&#34;n&#34;&gt;first_number&lt;/span&gt;&lt;span class=&#34;p&#34;&gt;,&lt;/span&gt; &lt;span class=&#34;n&#34;&gt;second_number&lt;/span&gt;&lt;span class=&#34;p&#34;&gt;,&lt;/span&gt; &lt;span class=&#34;n&#34;&gt;third_number&lt;/span&gt;&lt;span class=&#34;p&#34;&gt;,&lt;/span&gt; &lt;span class=&#34;n&#34;&gt;fourth_number&lt;/span&gt; &lt;span class=&#34;ow&#34;&gt;in&lt;/span&gt; &lt;span class=&#34;n&#34;&gt;four_consecutive_number_generator&lt;/span&gt;&lt;span class=&#34;p&#34;&gt;():&lt;/span&gt;
&lt;/span&gt;&lt;/span&gt;&lt;span class=&#34;line&#34;&gt;&lt;span class=&#34;cl&#34;&gt;    &lt;span class=&#34;nb&#34;&gt;print&lt;/span&gt;&lt;span class=&#34;p&#34;&gt;(&lt;/span&gt;&lt;span class=&#34;n&#34;&gt;first_number&lt;/span&gt;&lt;span class=&#34;p&#34;&gt;,&lt;/span&gt; &lt;span class=&#34;n&#34;&gt;second_number&lt;/span&gt;&lt;span class=&#34;p&#34;&gt;,&lt;/span&gt; &lt;span class=&#34;n&#34;&gt;third_number&lt;/span&gt;&lt;span class=&#34;p&#34;&gt;,&lt;/span&gt; &lt;span class=&#34;n&#34;&gt;fourth_number&lt;/span&gt;&lt;span class=&#34;p&#34;&gt;)&lt;/span&gt;&lt;/span&gt;&lt;/span&gt;&lt;/code&gt;&lt;/pre&gt;&lt;/div&gt;&lt;/div&gt;&lt;div class=&#34;hextra-code-copy-btn-container hx-opacity-0 hx-transition group-hover/code:hx-opacity-100 hx-flex hx-gap-1 hx-absolute hx-m-[11px] hx-right-0 hx-top-0&#34;&gt;
  &lt;button
    class=&#34;hextra-code-copy-btn hx-group/copybtn hx-transition-all active:hx-opacity-50 hx-bg-primary-700/5 hx-border hx-border-black/5 hx-text-gray-600 hover:hx-text-gray-900 hx-rounded-md hx-p-1.5 dark:hx-bg-primary-300/10 dark:hx-border-white/10 dark:hx-text-gray-400 dark:hover:hx-text-gray-50&#34;
    title=&#34;Copy code&#34;
  &gt;
    &lt;div class=&#34;copy-icon group-[.copied]/copybtn:hx-hidden hx-pointer-events-none hx-h-4 hx-w-4&#34;&gt;&lt;/div&gt;
    &lt;div class=&#34;success-icon hx-hidden group-[.copied]/copybtn:hx-block hx-pointer-events-none hx-h-4 hx-w-4&#34;&gt;&lt;/div&gt;
  &lt;/button&gt;
&lt;/div&gt;
&lt;/div&gt;
&lt;h2&gt;Addressing the structure, and defining functionality&lt;span class=&#34;hx-absolute -hx-mt-20&#34; id=&#34;addressing-the-structure-and-defining-functionality&#34;&gt;&lt;/span&gt;
    &lt;a href=&#34;#addressing-the-structure-and-defining-functionality&#34; class=&#34;subheading-anchor&#34; aria-label=&#34;Permalink for this section&#34;&gt;&lt;/a&gt;&lt;/h2&gt;&lt;div class=&#34;hextra-code-block hx-relative hx-mt-6 first:hx-mt-0 hx-group/code&#34;&gt;

&lt;div&gt;&lt;div class=&#34;highlight&#34;&gt;&lt;pre tabindex=&#34;0&#34; class=&#34;chroma&#34;&gt;&lt;code class=&#34;language-python&#34; data-lang=&#34;python&#34;&gt;&lt;span class=&#34;line&#34;&gt;&lt;span class=&#34;cl&#34;&gt;&lt;span class=&#34;k&#34;&gt;def&lt;/span&gt; &lt;span class=&#34;nf&#34;&gt;has_distinct_prime_factors&lt;/span&gt;&lt;span class=&#34;p&#34;&gt;(&lt;/span&gt;&lt;span class=&#34;n&#34;&gt;numbers&lt;/span&gt;&lt;span class=&#34;p&#34;&gt;):&lt;/span&gt;
&lt;/span&gt;&lt;/span&gt;&lt;span class=&#34;line&#34;&gt;&lt;span class=&#34;cl&#34;&gt;    &lt;span class=&#34;k&#34;&gt;return&lt;/span&gt; &lt;span class=&#34;n&#34;&gt;true&lt;/span&gt;
&lt;/span&gt;&lt;/span&gt;&lt;span class=&#34;line&#34;&gt;&lt;span class=&#34;cl&#34;&gt;
&lt;/span&gt;&lt;/span&gt;&lt;span class=&#34;line&#34;&gt;&lt;span class=&#34;cl&#34;&gt;&lt;span class=&#34;k&#34;&gt;for&lt;/span&gt; &lt;span class=&#34;n&#34;&gt;numbers&lt;/span&gt; &lt;span class=&#34;ow&#34;&gt;in&lt;/span&gt; &lt;span class=&#34;n&#34;&gt;four_consecutive_number_generator&lt;/span&gt;&lt;span class=&#34;p&#34;&gt;():&lt;/span&gt;
&lt;/span&gt;&lt;/span&gt;&lt;span class=&#34;line&#34;&gt;&lt;span class=&#34;cl&#34;&gt;    &lt;span class=&#34;k&#34;&gt;if&lt;/span&gt; &lt;span class=&#34;n&#34;&gt;has_distinct_prime_factors&lt;/span&gt;&lt;span class=&#34;p&#34;&gt;(&lt;/span&gt;&lt;span class=&#34;n&#34;&gt;numbers&lt;/span&gt;&lt;span class=&#34;p&#34;&gt;):&lt;/span&gt;
&lt;/span&gt;&lt;/span&gt;&lt;span class=&#34;line&#34;&gt;&lt;span class=&#34;cl&#34;&gt;        &lt;span class=&#34;nb&#34;&gt;print&lt;/span&gt;&lt;span class=&#34;p&#34;&gt;(&lt;/span&gt;&lt;span class=&#34;n&#34;&gt;numbers&lt;/span&gt;&lt;span class=&#34;p&#34;&gt;)&lt;/span&gt;
&lt;/span&gt;&lt;/span&gt;&lt;span class=&#34;line&#34;&gt;&lt;span class=&#34;cl&#34;&gt;        &lt;span class=&#34;k&#34;&gt;break&lt;/span&gt;&lt;/span&gt;&lt;/span&gt;&lt;/code&gt;&lt;/pre&gt;&lt;/div&gt;&lt;/div&gt;&lt;div class=&#34;hextra-code-copy-btn-container hx-opacity-0 hx-transition group-hover/code:hx-opacity-100 hx-flex hx-gap-1 hx-absolute hx-m-[11px] hx-right-0 hx-top-0&#34;&gt;
  &lt;button
    class=&#34;hextra-code-copy-btn hx-group/copybtn hx-transition-all active:hx-opacity-50 hx-bg-primary-700/5 hx-border hx-border-black/5 hx-text-gray-600 hover:hx-text-gray-900 hx-rounded-md hx-p-1.5 dark:hx-bg-primary-300/10 dark:hx-border-white/10 dark:hx-text-gray-400 dark:hover:hx-text-gray-50&#34;
    title=&#34;Copy code&#34;
  &gt;
    &lt;div class=&#34;copy-icon group-[.copied]/copybtn:hx-hidden hx-pointer-events-none hx-h-4 hx-w-4&#34;&gt;&lt;/div&gt;
    &lt;div class=&#34;success-icon hx-hidden group-[.copied]/copybtn:hx-block hx-pointer-events-none hx-h-4 hx-w-4&#34;&gt;&lt;/div&gt;
  &lt;/button&gt;
&lt;/div&gt;
&lt;/div&gt;
&lt;h2&gt;Defining functionality, a little&lt;span class=&#34;hx-absolute -hx-mt-20&#34; id=&#34;defining-functionality-a-little&#34;&gt;&lt;/span&gt;
    &lt;a href=&#34;#defining-functionality-a-little&#34; class=&#34;subheading-anchor&#34; aria-label=&#34;Permalink for this section&#34;&gt;&lt;/a&gt;&lt;/h2&gt;&lt;div class=&#34;hextra-code-block hx-relative hx-mt-6 first:hx-mt-0 hx-group/code&#34;&gt;

&lt;div&gt;&lt;div class=&#34;highlight&#34;&gt;&lt;pre tabindex=&#34;0&#34; class=&#34;chroma&#34;&gt;&lt;code class=&#34;language-python&#34; data-lang=&#34;python&#34;&gt;&lt;span class=&#34;line&#34;&gt;&lt;span class=&#34;cl&#34;&gt;&lt;span class=&#34;k&#34;&gt;def&lt;/span&gt; &lt;span class=&#34;nf&#34;&gt;get_factors&lt;/span&gt;&lt;span class=&#34;p&#34;&gt;(&lt;/span&gt;&lt;span class=&#34;n&#34;&gt;number&lt;/span&gt;&lt;span class=&#34;p&#34;&gt;):&lt;/span&gt;
&lt;/span&gt;&lt;/span&gt;&lt;span class=&#34;line&#34;&gt;&lt;span class=&#34;cl&#34;&gt;    &lt;span class=&#34;k&#34;&gt;return&lt;/span&gt; &lt;span class=&#34;p&#34;&gt;[]&lt;/span&gt;
&lt;/span&gt;&lt;/span&gt;&lt;span class=&#34;line&#34;&gt;&lt;span class=&#34;cl&#34;&gt;
&lt;/span&gt;&lt;/span&gt;&lt;span class=&#34;line&#34;&gt;&lt;span class=&#34;cl&#34;&gt;&lt;span class=&#34;k&#34;&gt;def&lt;/span&gt; &lt;span class=&#34;nf&#34;&gt;has_distinct_prime_factors&lt;/span&gt;&lt;span class=&#34;p&#34;&gt;(&lt;/span&gt;&lt;span class=&#34;n&#34;&gt;numbers&lt;/span&gt;&lt;span class=&#34;p&#34;&gt;):&lt;/span&gt;
&lt;/span&gt;&lt;/span&gt;&lt;span class=&#34;line&#34;&gt;&lt;span class=&#34;cl&#34;&gt;    &lt;span class=&#34;k&#34;&gt;for&lt;/span&gt; &lt;span class=&#34;n&#34;&gt;each_number&lt;/span&gt; &lt;span class=&#34;ow&#34;&gt;in&lt;/span&gt; &lt;span class=&#34;n&#34;&gt;numbers&lt;/span&gt;&lt;span class=&#34;p&#34;&gt;:&lt;/span&gt;
&lt;/span&gt;&lt;/span&gt;&lt;span class=&#34;line&#34;&gt;&lt;span class=&#34;cl&#34;&gt;        &lt;span class=&#34;n&#34;&gt;factors&lt;/span&gt; &lt;span class=&#34;o&#34;&gt;=&lt;/span&gt; &lt;span class=&#34;n&#34;&gt;get_factors&lt;/span&gt;&lt;span class=&#34;p&#34;&gt;(&lt;/span&gt;&lt;span class=&#34;n&#34;&gt;each_number&lt;/span&gt;&lt;span class=&#34;p&#34;&gt;)&lt;/span&gt;&lt;/span&gt;&lt;/span&gt;&lt;/code&gt;&lt;/pre&gt;&lt;/div&gt;&lt;/div&gt;&lt;div class=&#34;hextra-code-copy-btn-container hx-opacity-0 hx-transition group-hover/code:hx-opacity-100 hx-flex hx-gap-1 hx-absolute hx-m-[11px] hx-right-0 hx-top-0&#34;&gt;
  &lt;button
    class=&#34;hextra-code-copy-btn hx-group/copybtn hx-transition-all active:hx-opacity-50 hx-bg-primary-700/5 hx-border hx-border-black/5 hx-text-gray-600 hover:hx-text-gray-900 hx-rounded-md hx-p-1.5 dark:hx-bg-primary-300/10 dark:hx-border-white/10 dark:hx-text-gray-400 dark:hover:hx-text-gray-50&#34;
    title=&#34;Copy code&#34;
  &gt;
    &lt;div class=&#34;copy-icon group-[.copied]/copybtn:hx-hidden hx-pointer-events-none hx-h-4 hx-w-4&#34;&gt;&lt;/div&gt;
    &lt;div class=&#34;success-icon hx-hidden group-[.copied]/copybtn:hx-block hx-pointer-events-none hx-h-4 hx-w-4&#34;&gt;&lt;/div&gt;
  &lt;/button&gt;
&lt;/div&gt;
&lt;/div&gt;
&lt;h2&gt;Putting prime_factors functionality, Hello problem-3&lt;span class=&#34;hx-absolute -hx-mt-20&#34; id=&#34;putting-prime_factors-functionality-hello-problem-3&#34;&gt;&lt;/span&gt;
    &lt;a href=&#34;#putting-prime_factors-functionality-hello-problem-3&#34; class=&#34;subheading-anchor&#34; aria-label=&#34;Permalink for this section&#34;&gt;&lt;/a&gt;&lt;/h2&gt;&lt;div class=&#34;hextra-code-block hx-relative hx-mt-6 first:hx-mt-0 hx-group/code&#34;&gt;

&lt;div&gt;&lt;div class=&#34;highlight&#34;&gt;&lt;pre tabindex=&#34;0&#34; class=&#34;chroma&#34;&gt;&lt;code class=&#34;language-python&#34; data-lang=&#34;python&#34;&gt;&lt;span class=&#34;line&#34;&gt;&lt;span class=&#34;cl&#34;&gt;&lt;span class=&#34;k&#34;&gt;def&lt;/span&gt; &lt;span class=&#34;nf&#34;&gt;get_prime_factors&lt;/span&gt;&lt;span class=&#34;p&#34;&gt;(&lt;/span&gt;&lt;span class=&#34;n&#34;&gt;number&lt;/span&gt;&lt;span class=&#34;p&#34;&gt;):&lt;/span&gt;
&lt;/span&gt;&lt;/span&gt;&lt;span class=&#34;line&#34;&gt;&lt;span class=&#34;cl&#34;&gt;    &lt;span class=&#34;n&#34;&gt;prime_factors&lt;/span&gt; &lt;span class=&#34;o&#34;&gt;=&lt;/span&gt; &lt;span class=&#34;p&#34;&gt;[]&lt;/span&gt;
&lt;/span&gt;&lt;/span&gt;&lt;span class=&#34;line&#34;&gt;&lt;span class=&#34;cl&#34;&gt;
&lt;/span&gt;&lt;/span&gt;&lt;span class=&#34;line&#34;&gt;&lt;span class=&#34;cl&#34;&gt;    &lt;span class=&#34;k&#34;&gt;while&lt;/span&gt; &lt;span class=&#34;n&#34;&gt;number&lt;/span&gt; &lt;span class=&#34;o&#34;&gt;%&lt;/span&gt; &lt;span class=&#34;mi&#34;&gt;2&lt;/span&gt; &lt;span class=&#34;o&#34;&gt;==&lt;/span&gt; &lt;span class=&#34;mi&#34;&gt;0&lt;/span&gt;&lt;span class=&#34;p&#34;&gt;:&lt;/span&gt;
&lt;/span&gt;&lt;/span&gt;&lt;span class=&#34;line&#34;&gt;&lt;span class=&#34;cl&#34;&gt;        &lt;span class=&#34;n&#34;&gt;number&lt;/span&gt; &lt;span class=&#34;o&#34;&gt;=&lt;/span&gt; &lt;span class=&#34;n&#34;&gt;number&lt;/span&gt; &lt;span class=&#34;o&#34;&gt;/&lt;/span&gt; &lt;span class=&#34;mi&#34;&gt;2&lt;/span&gt;
&lt;/span&gt;&lt;/span&gt;&lt;span class=&#34;line&#34;&gt;&lt;span class=&#34;cl&#34;&gt;        &lt;span class=&#34;n&#34;&gt;prime_factors&lt;/span&gt;&lt;span class=&#34;o&#34;&gt;.&lt;/span&gt;&lt;span class=&#34;n&#34;&gt;append&lt;/span&gt;&lt;span class=&#34;p&#34;&gt;(&lt;/span&gt;&lt;span class=&#34;mi&#34;&gt;2&lt;/span&gt;&lt;span class=&#34;p&#34;&gt;)&lt;/span&gt;
&lt;/span&gt;&lt;/span&gt;&lt;span class=&#34;line&#34;&gt;&lt;span class=&#34;cl&#34;&gt;
&lt;/span&gt;&lt;/span&gt;&lt;span class=&#34;line&#34;&gt;&lt;span class=&#34;cl&#34;&gt;    &lt;span class=&#34;k&#34;&gt;for&lt;/span&gt; &lt;span class=&#34;n&#34;&gt;index&lt;/span&gt; &lt;span class=&#34;ow&#34;&gt;in&lt;/span&gt; &lt;span class=&#34;nb&#34;&gt;range&lt;/span&gt;&lt;span class=&#34;p&#34;&gt;(&lt;/span&gt;&lt;span class=&#34;mi&#34;&gt;3&lt;/span&gt;&lt;span class=&#34;p&#34;&gt;,&lt;/span&gt; &lt;span class=&#34;nb&#34;&gt;int&lt;/span&gt;&lt;span class=&#34;p&#34;&gt;(&lt;/span&gt;&lt;span class=&#34;n&#34;&gt;math&lt;/span&gt;&lt;span class=&#34;o&#34;&gt;.&lt;/span&gt;&lt;span class=&#34;n&#34;&gt;sqrt&lt;/span&gt;&lt;span class=&#34;p&#34;&gt;(&lt;/span&gt;&lt;span class=&#34;n&#34;&gt;number&lt;/span&gt;&lt;span class=&#34;p&#34;&gt;))&lt;/span&gt; &lt;span class=&#34;o&#34;&gt;+&lt;/span&gt; &lt;span class=&#34;mi&#34;&gt;1&lt;/span&gt;&lt;span class=&#34;p&#34;&gt;,&lt;/span&gt; &lt;span class=&#34;mi&#34;&gt;2&lt;/span&gt;&lt;span class=&#34;p&#34;&gt;):&lt;/span&gt;
&lt;/span&gt;&lt;/span&gt;&lt;span class=&#34;line&#34;&gt;&lt;span class=&#34;cl&#34;&gt;        &lt;span class=&#34;k&#34;&gt;while&lt;/span&gt; &lt;span class=&#34;n&#34;&gt;n&lt;/span&gt; &lt;span class=&#34;o&#34;&gt;%&lt;/span&gt; &lt;span class=&#34;n&#34;&gt;index&lt;/span&gt; &lt;span class=&#34;o&#34;&gt;==&lt;/span&gt; &lt;span class=&#34;mi&#34;&gt;0&lt;/span&gt;&lt;span class=&#34;p&#34;&gt;:&lt;/span&gt;
&lt;/span&gt;&lt;/span&gt;&lt;span class=&#34;line&#34;&gt;&lt;span class=&#34;cl&#34;&gt;            &lt;span class=&#34;n&#34;&gt;prime_factors&lt;/span&gt;&lt;span class=&#34;o&#34;&gt;.&lt;/span&gt;&lt;span class=&#34;n&#34;&gt;append&lt;/span&gt;&lt;span class=&#34;p&#34;&gt;(&lt;/span&gt;&lt;span class=&#34;n&#34;&gt;index&lt;/span&gt;&lt;span class=&#34;p&#34;&gt;)&lt;/span&gt;
&lt;/span&gt;&lt;/span&gt;&lt;span class=&#34;line&#34;&gt;&lt;span class=&#34;cl&#34;&gt;            &lt;span class=&#34;n&#34;&gt;number&lt;/span&gt; &lt;span class=&#34;o&#34;&gt;=&lt;/span&gt; &lt;span class=&#34;n&#34;&gt;number&lt;/span&gt; &lt;span class=&#34;o&#34;&gt;/&lt;/span&gt; &lt;span class=&#34;n&#34;&gt;index&lt;/span&gt;
&lt;/span&gt;&lt;/span&gt;&lt;span class=&#34;line&#34;&gt;&lt;span class=&#34;cl&#34;&gt;
&lt;/span&gt;&lt;/span&gt;&lt;span class=&#34;line&#34;&gt;&lt;span class=&#34;cl&#34;&gt;    &lt;span class=&#34;k&#34;&gt;if&lt;/span&gt; &lt;span class=&#34;n&#34;&gt;number&lt;/span&gt; &lt;span class=&#34;o&#34;&gt;&amp;gt;&lt;/span&gt; &lt;span class=&#34;mi&#34;&gt;2&lt;/span&gt;&lt;span class=&#34;p&#34;&gt;:&lt;/span&gt;
&lt;/span&gt;&lt;/span&gt;&lt;span class=&#34;line&#34;&gt;&lt;span class=&#34;cl&#34;&gt;        &lt;span class=&#34;n&#34;&gt;prime_factors&lt;/span&gt;&lt;span class=&#34;o&#34;&gt;.&lt;/span&gt;&lt;span class=&#34;n&#34;&gt;append&lt;/span&gt;&lt;span class=&#34;p&#34;&gt;(&lt;/span&gt;&lt;span class=&#34;n&#34;&gt;number&lt;/span&gt;&lt;span class=&#34;p&#34;&gt;)&lt;/span&gt;
&lt;/span&gt;&lt;/span&gt;&lt;span class=&#34;line&#34;&gt;&lt;span class=&#34;cl&#34;&gt;
&lt;/span&gt;&lt;/span&gt;&lt;span class=&#34;line&#34;&gt;&lt;span class=&#34;cl&#34;&gt;    &lt;span class=&#34;k&#34;&gt;return&lt;/span&gt; &lt;span class=&#34;n&#34;&gt;prime_factors&lt;/span&gt;
&lt;/span&gt;&lt;/span&gt;&lt;span class=&#34;line&#34;&gt;&lt;span class=&#34;cl&#34;&gt;
&lt;/span&gt;&lt;/span&gt;&lt;span class=&#34;line&#34;&gt;&lt;span class=&#34;cl&#34;&gt;&lt;span class=&#34;k&#34;&gt;def&lt;/span&gt; &lt;span class=&#34;nf&#34;&gt;has_distinct_prime_factors&lt;/span&gt;&lt;span class=&#34;p&#34;&gt;(&lt;/span&gt;&lt;span class=&#34;n&#34;&gt;numbers&lt;/span&gt;&lt;span class=&#34;p&#34;&gt;):&lt;/span&gt;
&lt;/span&gt;&lt;/span&gt;&lt;span class=&#34;line&#34;&gt;&lt;span class=&#34;cl&#34;&gt;    &lt;span class=&#34;k&#34;&gt;for&lt;/span&gt; &lt;span class=&#34;n&#34;&gt;each_number&lt;/span&gt; &lt;span class=&#34;ow&#34;&gt;in&lt;/span&gt; &lt;span class=&#34;n&#34;&gt;numbers&lt;/span&gt;&lt;span class=&#34;p&#34;&gt;:&lt;/span&gt;
&lt;/span&gt;&lt;/span&gt;&lt;span class=&#34;line&#34;&gt;&lt;span class=&#34;cl&#34;&gt;        &lt;span class=&#34;n&#34;&gt;factors&lt;/span&gt; &lt;span class=&#34;o&#34;&gt;=&lt;/span&gt; &lt;span class=&#34;n&#34;&gt;get_prime_factors&lt;/span&gt;&lt;span class=&#34;p&#34;&gt;(&lt;/span&gt;&lt;span class=&#34;n&#34;&gt;each_number&lt;/span&gt;&lt;span class=&#34;p&#34;&gt;)&lt;/span&gt;
&lt;/span&gt;&lt;/span&gt;&lt;span class=&#34;line&#34;&gt;&lt;span class=&#34;cl&#34;&gt;        &lt;span class=&#34;nb&#34;&gt;print&lt;/span&gt;&lt;span class=&#34;p&#34;&gt;(&lt;/span&gt;&lt;span class=&#34;n&#34;&gt;factors&lt;/span&gt;&lt;span class=&#34;p&#34;&gt;)&lt;/span&gt;&lt;/span&gt;&lt;/span&gt;&lt;/code&gt;&lt;/pre&gt;&lt;/div&gt;&lt;/div&gt;&lt;div class=&#34;hextra-code-copy-btn-container hx-opacity-0 hx-transition group-hover/code:hx-opacity-100 hx-flex hx-gap-1 hx-absolute hx-m-[11px] hx-right-0 hx-top-0&#34;&gt;
  &lt;button
    class=&#34;hextra-code-copy-btn hx-group/copybtn hx-transition-all active:hx-opacity-50 hx-bg-primary-700/5 hx-border hx-border-black/5 hx-text-gray-600 hover:hx-text-gray-900 hx-rounded-md hx-p-1.5 dark:hx-bg-primary-300/10 dark:hx-border-white/10 dark:hx-text-gray-400 dark:hover:hx-text-gray-50&#34;
    title=&#34;Copy code&#34;
  &gt;
    &lt;div class=&#34;copy-icon group-[.copied]/copybtn:hx-hidden hx-pointer-events-none hx-h-4 hx-w-4&#34;&gt;&lt;/div&gt;
    &lt;div class=&#34;success-icon hx-hidden group-[.copied]/copybtn:hx-block hx-pointer-events-none hx-h-4 hx-w-4&#34;&gt;&lt;/div&gt;
  &lt;/button&gt;
&lt;/div&gt;
&lt;/div&gt;
&lt;h1&gt;All together, and little debugging here and there&lt;/h1&gt;&lt;div class=&#34;hextra-code-block hx-relative hx-mt-6 first:hx-mt-0 hx-group/code&#34;&gt;

&lt;div&gt;&lt;div class=&#34;highlight&#34;&gt;&lt;pre tabindex=&#34;0&#34; class=&#34;chroma&#34;&gt;&lt;code class=&#34;language-python&#34; data-lang=&#34;python&#34;&gt;&lt;span class=&#34;line&#34;&gt;&lt;span class=&#34;cl&#34;&gt;&lt;span class=&#34;kn&#34;&gt;import&lt;/span&gt; &lt;span class=&#34;nn&#34;&gt;math&lt;/span&gt;
&lt;/span&gt;&lt;/span&gt;&lt;span class=&#34;line&#34;&gt;&lt;span class=&#34;cl&#34;&gt;
&lt;/span&gt;&lt;/span&gt;&lt;span class=&#34;line&#34;&gt;&lt;span class=&#34;cl&#34;&gt;&lt;span class=&#34;k&#34;&gt;def&lt;/span&gt; &lt;span class=&#34;nf&#34;&gt;four_consecutive_number_generator&lt;/span&gt;&lt;span class=&#34;p&#34;&gt;(&lt;/span&gt;&lt;span class=&#34;n&#34;&gt;start&lt;/span&gt;&lt;span class=&#34;o&#34;&gt;=&lt;/span&gt;&lt;span class=&#34;mi&#34;&gt;0&lt;/span&gt;&lt;span class=&#34;p&#34;&gt;):&lt;/span&gt;
&lt;/span&gt;&lt;/span&gt;&lt;span class=&#34;line&#34;&gt;&lt;span class=&#34;cl&#34;&gt;    &lt;span class=&#34;n&#34;&gt;local_number&lt;/span&gt; &lt;span class=&#34;o&#34;&gt;=&lt;/span&gt; &lt;span class=&#34;n&#34;&gt;start&lt;/span&gt;
&lt;/span&gt;&lt;/span&gt;&lt;span class=&#34;line&#34;&gt;&lt;span class=&#34;cl&#34;&gt;    &lt;span class=&#34;k&#34;&gt;while&lt;/span&gt; &lt;span class=&#34;kc&#34;&gt;True&lt;/span&gt;&lt;span class=&#34;p&#34;&gt;:&lt;/span&gt;
&lt;/span&gt;&lt;/span&gt;&lt;span class=&#34;line&#34;&gt;&lt;span class=&#34;cl&#34;&gt;        &lt;span class=&#34;k&#34;&gt;yield&lt;/span&gt; &lt;span class=&#34;p&#34;&gt;[&lt;/span&gt;&lt;span class=&#34;n&#34;&gt;local_number&lt;/span&gt;&lt;span class=&#34;p&#34;&gt;,&lt;/span&gt; &lt;span class=&#34;n&#34;&gt;local_number&lt;/span&gt; &lt;span class=&#34;o&#34;&gt;+&lt;/span&gt; &lt;span class=&#34;mi&#34;&gt;1&lt;/span&gt;&lt;span class=&#34;p&#34;&gt;,&lt;/span&gt;
&lt;/span&gt;&lt;/span&gt;&lt;span class=&#34;line&#34;&gt;&lt;span class=&#34;cl&#34;&gt;               &lt;span class=&#34;n&#34;&gt;local_number&lt;/span&gt; &lt;span class=&#34;o&#34;&gt;+&lt;/span&gt; &lt;span class=&#34;mi&#34;&gt;2&lt;/span&gt;&lt;span class=&#34;p&#34;&gt;,&lt;/span&gt; &lt;span class=&#34;n&#34;&gt;local_number&lt;/span&gt; &lt;span class=&#34;o&#34;&gt;+&lt;/span&gt; &lt;span class=&#34;mi&#34;&gt;3&lt;/span&gt;&lt;span class=&#34;p&#34;&gt;]&lt;/span&gt;
&lt;/span&gt;&lt;/span&gt;&lt;span class=&#34;line&#34;&gt;&lt;span class=&#34;cl&#34;&gt;        &lt;span class=&#34;n&#34;&gt;local_number&lt;/span&gt; &lt;span class=&#34;o&#34;&gt;+=&lt;/span&gt; &lt;span class=&#34;mi&#34;&gt;1&lt;/span&gt;
&lt;/span&gt;&lt;/span&gt;&lt;span class=&#34;line&#34;&gt;&lt;span class=&#34;cl&#34;&gt;
&lt;/span&gt;&lt;/span&gt;&lt;span class=&#34;line&#34;&gt;&lt;span class=&#34;cl&#34;&gt;&lt;span class=&#34;c1&#34;&gt;# Hello problem-3, doesn&amp;#39;t work for 0, 1&lt;/span&gt;
&lt;/span&gt;&lt;/span&gt;&lt;span class=&#34;line&#34;&gt;&lt;span class=&#34;cl&#34;&gt;&lt;span class=&#34;k&#34;&gt;def&lt;/span&gt; &lt;span class=&#34;nf&#34;&gt;get_prime_factors&lt;/span&gt;&lt;span class=&#34;p&#34;&gt;(&lt;/span&gt;&lt;span class=&#34;n&#34;&gt;number&lt;/span&gt;&lt;span class=&#34;p&#34;&gt;):&lt;/span&gt;
&lt;/span&gt;&lt;/span&gt;&lt;span class=&#34;line&#34;&gt;&lt;span class=&#34;cl&#34;&gt;    &lt;span class=&#34;n&#34;&gt;prime_factors&lt;/span&gt; &lt;span class=&#34;o&#34;&gt;=&lt;/span&gt; &lt;span class=&#34;p&#34;&gt;[]&lt;/span&gt;
&lt;/span&gt;&lt;/span&gt;&lt;span class=&#34;line&#34;&gt;&lt;span class=&#34;cl&#34;&gt;
&lt;/span&gt;&lt;/span&gt;&lt;span class=&#34;line&#34;&gt;&lt;span class=&#34;cl&#34;&gt;    &lt;span class=&#34;k&#34;&gt;while&lt;/span&gt; &lt;span class=&#34;n&#34;&gt;number&lt;/span&gt; &lt;span class=&#34;o&#34;&gt;%&lt;/span&gt; &lt;span class=&#34;mi&#34;&gt;2&lt;/span&gt; &lt;span class=&#34;o&#34;&gt;==&lt;/span&gt; &lt;span class=&#34;mi&#34;&gt;0&lt;/span&gt;&lt;span class=&#34;p&#34;&gt;:&lt;/span&gt;
&lt;/span&gt;&lt;/span&gt;&lt;span class=&#34;line&#34;&gt;&lt;span class=&#34;cl&#34;&gt;        &lt;span class=&#34;n&#34;&gt;number&lt;/span&gt; &lt;span class=&#34;o&#34;&gt;=&lt;/span&gt; &lt;span class=&#34;n&#34;&gt;number&lt;/span&gt; &lt;span class=&#34;o&#34;&gt;/&lt;/span&gt; &lt;span class=&#34;mi&#34;&gt;2&lt;/span&gt;
&lt;/span&gt;&lt;/span&gt;&lt;span class=&#34;line&#34;&gt;&lt;span class=&#34;cl&#34;&gt;        &lt;span class=&#34;n&#34;&gt;prime_factors&lt;/span&gt;&lt;span class=&#34;o&#34;&gt;.&lt;/span&gt;&lt;span class=&#34;n&#34;&gt;append&lt;/span&gt;&lt;span class=&#34;p&#34;&gt;(&lt;/span&gt;&lt;span class=&#34;mi&#34;&gt;2&lt;/span&gt;&lt;span class=&#34;p&#34;&gt;)&lt;/span&gt;
&lt;/span&gt;&lt;/span&gt;&lt;span class=&#34;line&#34;&gt;&lt;span class=&#34;cl&#34;&gt;
&lt;/span&gt;&lt;/span&gt;&lt;span class=&#34;line&#34;&gt;&lt;span class=&#34;cl&#34;&gt;    &lt;span class=&#34;k&#34;&gt;for&lt;/span&gt; &lt;span class=&#34;n&#34;&gt;index&lt;/span&gt; &lt;span class=&#34;ow&#34;&gt;in&lt;/span&gt; &lt;span class=&#34;nb&#34;&gt;range&lt;/span&gt;&lt;span class=&#34;p&#34;&gt;(&lt;/span&gt;&lt;span class=&#34;mi&#34;&gt;3&lt;/span&gt;&lt;span class=&#34;p&#34;&gt;,&lt;/span&gt; &lt;span class=&#34;nb&#34;&gt;int&lt;/span&gt;&lt;span class=&#34;p&#34;&gt;(&lt;/span&gt;&lt;span class=&#34;n&#34;&gt;math&lt;/span&gt;&lt;span class=&#34;o&#34;&gt;.&lt;/span&gt;&lt;span class=&#34;n&#34;&gt;sqrt&lt;/span&gt;&lt;span class=&#34;p&#34;&gt;(&lt;/span&gt;&lt;span class=&#34;n&#34;&gt;number&lt;/span&gt;&lt;span class=&#34;p&#34;&gt;))&lt;/span&gt; &lt;span class=&#34;o&#34;&gt;+&lt;/span&gt; &lt;span class=&#34;mi&#34;&gt;1&lt;/span&gt;&lt;span class=&#34;p&#34;&gt;,&lt;/span&gt; &lt;span class=&#34;mi&#34;&gt;2&lt;/span&gt;&lt;span class=&#34;p&#34;&gt;):&lt;/span&gt;
&lt;/span&gt;&lt;/span&gt;&lt;span class=&#34;line&#34;&gt;&lt;span class=&#34;cl&#34;&gt;        &lt;span class=&#34;k&#34;&gt;while&lt;/span&gt; &lt;span class=&#34;n&#34;&gt;number&lt;/span&gt; &lt;span class=&#34;o&#34;&gt;%&lt;/span&gt; &lt;span class=&#34;n&#34;&gt;index&lt;/span&gt; &lt;span class=&#34;o&#34;&gt;==&lt;/span&gt; &lt;span class=&#34;mi&#34;&gt;0&lt;/span&gt;&lt;span class=&#34;p&#34;&gt;:&lt;/span&gt;
&lt;/span&gt;&lt;/span&gt;&lt;span class=&#34;line&#34;&gt;&lt;span class=&#34;cl&#34;&gt;            &lt;span class=&#34;n&#34;&gt;prime_factors&lt;/span&gt;&lt;span class=&#34;o&#34;&gt;.&lt;/span&gt;&lt;span class=&#34;n&#34;&gt;append&lt;/span&gt;&lt;span class=&#34;p&#34;&gt;(&lt;/span&gt;&lt;span class=&#34;n&#34;&gt;index&lt;/span&gt;&lt;span class=&#34;p&#34;&gt;)&lt;/span&gt;
&lt;/span&gt;&lt;/span&gt;&lt;span class=&#34;line&#34;&gt;&lt;span class=&#34;cl&#34;&gt;            &lt;span class=&#34;n&#34;&gt;number&lt;/span&gt; &lt;span class=&#34;o&#34;&gt;=&lt;/span&gt; &lt;span class=&#34;n&#34;&gt;number&lt;/span&gt; &lt;span class=&#34;o&#34;&gt;/&lt;/span&gt; &lt;span class=&#34;n&#34;&gt;index&lt;/span&gt;
&lt;/span&gt;&lt;/span&gt;&lt;span class=&#34;line&#34;&gt;&lt;span class=&#34;cl&#34;&gt;
&lt;/span&gt;&lt;/span&gt;&lt;span class=&#34;line&#34;&gt;&lt;span class=&#34;cl&#34;&gt;    &lt;span class=&#34;k&#34;&gt;if&lt;/span&gt; &lt;span class=&#34;n&#34;&gt;number&lt;/span&gt; &lt;span class=&#34;o&#34;&gt;&amp;gt;&lt;/span&gt; &lt;span class=&#34;mi&#34;&gt;2&lt;/span&gt;&lt;span class=&#34;p&#34;&gt;:&lt;/span&gt;
&lt;/span&gt;&lt;/span&gt;&lt;span class=&#34;line&#34;&gt;&lt;span class=&#34;cl&#34;&gt;        &lt;span class=&#34;n&#34;&gt;prime_factors&lt;/span&gt;&lt;span class=&#34;o&#34;&gt;.&lt;/span&gt;&lt;span class=&#34;n&#34;&gt;append&lt;/span&gt;&lt;span class=&#34;p&#34;&gt;(&lt;/span&gt;&lt;span class=&#34;n&#34;&gt;number&lt;/span&gt;&lt;span class=&#34;p&#34;&gt;)&lt;/span&gt;
&lt;/span&gt;&lt;/span&gt;&lt;span class=&#34;line&#34;&gt;&lt;span class=&#34;cl&#34;&gt;
&lt;/span&gt;&lt;/span&gt;&lt;span class=&#34;line&#34;&gt;&lt;span class=&#34;cl&#34;&gt;    &lt;span class=&#34;k&#34;&gt;return&lt;/span&gt; &lt;span class=&#34;n&#34;&gt;prime_factors&lt;/span&gt;
&lt;/span&gt;&lt;/span&gt;&lt;span class=&#34;line&#34;&gt;&lt;span class=&#34;cl&#34;&gt;
&lt;/span&gt;&lt;/span&gt;&lt;span class=&#34;line&#34;&gt;&lt;span class=&#34;cl&#34;&gt;&lt;span class=&#34;k&#34;&gt;def&lt;/span&gt; &lt;span class=&#34;nf&#34;&gt;has_distinct_prime_factors&lt;/span&gt;&lt;span class=&#34;p&#34;&gt;(&lt;/span&gt;&lt;span class=&#34;n&#34;&gt;numbers&lt;/span&gt;&lt;span class=&#34;p&#34;&gt;,&lt;/span&gt; &lt;span class=&#34;n&#34;&gt;length&lt;/span&gt;&lt;span class=&#34;p&#34;&gt;):&lt;/span&gt;
&lt;/span&gt;&lt;/span&gt;&lt;span class=&#34;line&#34;&gt;&lt;span class=&#34;cl&#34;&gt;    &lt;span class=&#34;k&#34;&gt;for&lt;/span&gt; &lt;span class=&#34;n&#34;&gt;each_number&lt;/span&gt; &lt;span class=&#34;ow&#34;&gt;in&lt;/span&gt; &lt;span class=&#34;n&#34;&gt;numbers&lt;/span&gt;&lt;span class=&#34;p&#34;&gt;:&lt;/span&gt;
&lt;/span&gt;&lt;/span&gt;&lt;span class=&#34;line&#34;&gt;&lt;span class=&#34;cl&#34;&gt;        &lt;span class=&#34;n&#34;&gt;factors&lt;/span&gt; &lt;span class=&#34;o&#34;&gt;=&lt;/span&gt; &lt;span class=&#34;n&#34;&gt;get_prime_factors&lt;/span&gt;&lt;span class=&#34;p&#34;&gt;(&lt;/span&gt;&lt;span class=&#34;n&#34;&gt;each_number&lt;/span&gt;&lt;span class=&#34;p&#34;&gt;)&lt;/span&gt;
&lt;/span&gt;&lt;/span&gt;&lt;span class=&#34;line&#34;&gt;&lt;span class=&#34;cl&#34;&gt;        &lt;span class=&#34;k&#34;&gt;if&lt;/span&gt; &lt;span class=&#34;nb&#34;&gt;len&lt;/span&gt;&lt;span class=&#34;p&#34;&gt;(&lt;/span&gt;&lt;span class=&#34;nb&#34;&gt;set&lt;/span&gt;&lt;span class=&#34;p&#34;&gt;(&lt;/span&gt;&lt;span class=&#34;n&#34;&gt;factors&lt;/span&gt;&lt;span class=&#34;p&#34;&gt;))&lt;/span&gt; &lt;span class=&#34;o&#34;&gt;!=&lt;/span&gt; &lt;span class=&#34;n&#34;&gt;length&lt;/span&gt;&lt;span class=&#34;p&#34;&gt;:&lt;/span&gt;  &lt;span class=&#34;c1&#34;&gt;# distinct, final piece&lt;/span&gt;
&lt;/span&gt;&lt;/span&gt;&lt;span class=&#34;line&#34;&gt;&lt;span class=&#34;cl&#34;&gt;            &lt;span class=&#34;k&#34;&gt;return&lt;/span&gt; &lt;span class=&#34;kc&#34;&gt;False&lt;/span&gt;
&lt;/span&gt;&lt;/span&gt;&lt;span class=&#34;line&#34;&gt;&lt;span class=&#34;cl&#34;&gt;    &lt;span class=&#34;k&#34;&gt;return&lt;/span&gt; &lt;span class=&#34;kc&#34;&gt;True&lt;/span&gt;
&lt;/span&gt;&lt;/span&gt;&lt;span class=&#34;line&#34;&gt;&lt;span class=&#34;cl&#34;&gt;
&lt;/span&gt;&lt;/span&gt;&lt;span class=&#34;line&#34;&gt;&lt;span class=&#34;cl&#34;&gt;
&lt;/span&gt;&lt;/span&gt;&lt;span class=&#34;line&#34;&gt;&lt;span class=&#34;cl&#34;&gt;&lt;span class=&#34;k&#34;&gt;for&lt;/span&gt; &lt;span class=&#34;n&#34;&gt;numbers&lt;/span&gt; &lt;span class=&#34;ow&#34;&gt;in&lt;/span&gt; &lt;span class=&#34;n&#34;&gt;four_consecutive_number_generator&lt;/span&gt;&lt;span class=&#34;p&#34;&gt;(&lt;/span&gt;&lt;span class=&#34;n&#34;&gt;start&lt;/span&gt;&lt;span class=&#34;o&#34;&gt;=&lt;/span&gt;&lt;span class=&#34;mi&#34;&gt;1&lt;/span&gt;&lt;span class=&#34;p&#34;&gt;):&lt;/span&gt;
&lt;/span&gt;&lt;/span&gt;&lt;span class=&#34;line&#34;&gt;&lt;span class=&#34;cl&#34;&gt;    &lt;span class=&#34;nb&#34;&gt;print&lt;/span&gt;&lt;span class=&#34;p&#34;&gt;(&lt;/span&gt;&lt;span class=&#34;s1&#34;&gt;&amp;#39;processing: &amp;#39;&lt;/span&gt;&lt;span class=&#34;p&#34;&gt;,&lt;/span&gt; &lt;span class=&#34;o&#34;&gt;*&lt;/span&gt;&lt;span class=&#34;n&#34;&gt;numbers&lt;/span&gt;&lt;span class=&#34;p&#34;&gt;,&lt;/span&gt; &lt;span class=&#34;n&#34;&gt;flush&lt;/span&gt;&lt;span class=&#34;o&#34;&gt;=&lt;/span&gt;&lt;span class=&#34;kc&#34;&gt;True&lt;/span&gt;&lt;span class=&#34;p&#34;&gt;)&lt;/span&gt;
&lt;/span&gt;&lt;/span&gt;&lt;span class=&#34;line&#34;&gt;&lt;span class=&#34;cl&#34;&gt;    &lt;span class=&#34;k&#34;&gt;if&lt;/span&gt; &lt;span class=&#34;n&#34;&gt;has_distinct_prime_factors&lt;/span&gt;&lt;span class=&#34;p&#34;&gt;(&lt;/span&gt;&lt;span class=&#34;n&#34;&gt;numbers&lt;/span&gt;&lt;span class=&#34;p&#34;&gt;,&lt;/span&gt; &lt;span class=&#34;n&#34;&gt;length&lt;/span&gt;&lt;span class=&#34;o&#34;&gt;=&lt;/span&gt;&lt;span class=&#34;mi&#34;&gt;4&lt;/span&gt;&lt;span class=&#34;p&#34;&gt;):&lt;/span&gt;
&lt;/span&gt;&lt;/span&gt;&lt;span class=&#34;line&#34;&gt;&lt;span class=&#34;cl&#34;&gt;        &lt;span class=&#34;nb&#34;&gt;print&lt;/span&gt;&lt;span class=&#34;p&#34;&gt;(&lt;/span&gt;&lt;span class=&#34;n&#34;&gt;numbers&lt;/span&gt;&lt;span class=&#34;p&#34;&gt;)&lt;/span&gt;
&lt;/span&gt;&lt;/span&gt;&lt;span class=&#34;line&#34;&gt;&lt;span class=&#34;cl&#34;&gt;        &lt;span class=&#34;k&#34;&gt;break&lt;/span&gt;&lt;/span&gt;&lt;/span&gt;&lt;/code&gt;&lt;/pre&gt;&lt;/div&gt;&lt;/div&gt;&lt;div class=&#34;hextra-code-copy-btn-container hx-opacity-0 hx-transition group-hover/code:hx-opacity-100 hx-flex hx-gap-1 hx-absolute hx-m-[11px] hx-right-0 hx-top-0&#34;&gt;
  &lt;button
    class=&#34;hextra-code-copy-btn hx-group/copybtn hx-transition-all active:hx-opacity-50 hx-bg-primary-700/5 hx-border hx-border-black/5 hx-text-gray-600 hover:hx-text-gray-900 hx-rounded-md hx-p-1.5 dark:hx-bg-primary-300/10 dark:hx-border-white/10 dark:hx-text-gray-400 dark:hover:hx-text-gray-50&#34;
    title=&#34;Copy code&#34;
  &gt;
    &lt;div class=&#34;copy-icon group-[.copied]/copybtn:hx-hidden hx-pointer-events-none hx-h-4 hx-w-4&#34;&gt;&lt;/div&gt;
    &lt;div class=&#34;success-icon hx-hidden group-[.copied]/copybtn:hx-block hx-pointer-events-none hx-h-4 hx-w-4&#34;&gt;&lt;/div&gt;
  &lt;/button&gt;
&lt;/div&gt;
&lt;/div&gt;
&lt;p&gt;Thank you Euler, Project Euler and Viny.&lt;/p&gt;
&lt;p&gt;P.S: &lt;a href=&#34;https://github.com/ravish0007/projecteuler/blob/main/problem-47/main.py&#34; target=&#34;_blank&#34; rel=&#34;noopener&#34;&gt;https://github.com/ravish0007/projecteuler/blob/main/problem-47/main.py&lt;/a&gt;&lt;/p&gt;
      </description>
    </item>
    
    <item>
      <title>Hello World (again)</title>
      <link>https://ravish0007.netlify.app/blog/hello-world-again/</link>
      <pubDate>Mon, 01 Jan 0001 00:00:00 +0000</pubDate>
      
      <guid>https://ravish0007.netlify.app/blog/hello-world-again/</guid>
      <description>
        
        
        &lt;p&gt;I&amp;rsquo;m with nighthack now, and I had lost access to source of this blog. Meanwhile I have been tinkering, learning fuctional bits, gave a retry to all the things that were in my mind.&lt;/p&gt;
&lt;p&gt;Well, This is a blog post is to put back the online presense. I also went to Debian India conference, made some friends, it was an incredible experience.&lt;/p&gt;
&lt;p&gt;Right now, I and my team working towards no code tools, I&amp;rsquo;m in db-builder team.&lt;/p&gt;
&lt;p&gt;And today is my sister&amp;rsquo;s birthday, took a holiday to have fun together and roam around with her.&lt;/p&gt;
&lt;p&gt;Until next time, real soon… Thanks!&lt;/p&gt;

      </description>
    </item>
    
    <item>
      <title>It&#39;s a wrap...or is it?</title>
      <link>https://ravish0007.netlify.app/blog/its-a-wrap/</link>
      <pubDate>Mon, 01 Jan 0001 00:00:00 +0000</pubDate>
      
      <guid>https://ravish0007.netlify.app/blog/its-a-wrap/</guid>
      <description>
        
        
        &lt;p&gt;I graduated from GeekSkool, with a pending final project, and hoping to complete it on weekends.&lt;/p&gt;
&lt;p&gt;The most valuable thing I learned from GeekSkool is not to overthink a project or optimize it prematurely for that matter, the spirit of accomplishing tasks little by little in a progressive manner brings joy and is quite tangible to measure. I like this spirit, and I like to stick with it.&lt;/p&gt;
&lt;p&gt;I’ve made a few personal resolutions, one among them is ABC “always be coding” (learning in general). Currently, studying &lt;a href=&#34;https://composingprograms.com/&#34;&gt;Composing Programs&lt;/a&gt;. I’ve created a few repositories to track them. Few more are,&lt;/p&gt;
&lt;ul&gt;
&lt;li&gt;
&lt;p&gt;Setting up a home lab and having a hosted machine&lt;/p&gt;
&lt;/li&gt;
&lt;li&gt;
&lt;p&gt;Write regularly on experiments&lt;/p&gt;
&lt;/li&gt;
&lt;li&gt;
&lt;p&gt;Make some videos with 3b1b’s manimlib for fun&lt;/p&gt;
&lt;p&gt;That’s it, folks!&lt;/p&gt;
&lt;/li&gt;
&lt;/ul&gt;

      </description>
    </item>
    
    <item>
      <title>Joining GeekSkool</title>
      <link>https://ravish0007.netlify.app/blog/joining-geekskool/</link>
      <pubDate>Mon, 01 Jan 0001 00:00:00 +0000</pubDate>
      
      <guid>https://ravish0007.netlify.app/blog/joining-geekskool/</guid>
      <description>
        
        
        &lt;p&gt;I was looking for jobs on hasjobs.co and stumbled upon a post that pointed to GeekSkool, a programming boot camp, which I applied to it later on.&lt;/p&gt;
&lt;p&gt;I got a call on next day, and I was told to study the first six chapters of Eloquent JavaScript. After completing it, I went to GeekSkool for a screening test, I almost got failed by not answering “Name inbuilt data types in JS &amp;amp; What’s a Closure?”, I was accompanied by luck on that day. I joined GeekSkool in January 2022.&lt;/p&gt;
&lt;p&gt;Fast-forward, I have been going to GeekSkool every day since March. My friends and I solve assignments, present them every Friday to get reviewed. Sometimes reviews are brutal, but assignments are exciting to solve.&lt;/p&gt;
&lt;p&gt;So far we have written JSON parser, lisp interpreter and a todo app (clone of GNOME Todos). Recently I wrote an HTTP server, which resembles Express but is very basic.&lt;/p&gt;
&lt;p&gt;It’s a lot of mixed feeling with a few personal events lately, going through a loss, a scar for a lifetime, hope it’ll get better in time…&lt;/p&gt;

      </description>
    </item>
    
    <item>
      <title>Loophole in a Loophole</title>
      <link>https://ravish0007.netlify.app/blog/loophole-in-a-loophole/</link>
      <pubDate>Mon, 01 Jan 0001 00:00:00 +0000</pubDate>
      
      <guid>https://ravish0007.netlify.app/blog/loophole-in-a-loophole/</guid>
      <description>
        
        
        &lt;p&gt;When I surf on the web, sometimes there won’t be a limit to curiosity. When I look at a catchy program, I want to try it at that very instant, but this is almost impossible in a typical work computer. For each software, I either had to look into the employer’s custom app store or write a mail to local IT and wait for several hours or sometimes days, and it better had a business use case to them.&lt;/p&gt;
&lt;p&gt;There were restrictions on so many domains, web extensions were out of reach, annoying Windows GUI. All in all, it was terrible!&lt;/p&gt;
&lt;p&gt;I&amp;rsquo;m fully aware of this issue not being personal, but having accurate security concern, but I wanted an escape very badly, it started with my frequent visits to Google’s &lt;a href=&#34;https://cloud.google.com/shell/docs&#34;&gt; cloud shell&lt;/a&gt;. I had no idea about the “web-preview” feature of it. Somehow, I came with an idea of having a browser inside a browser. I knew about a CLI web browser called &lt;a href=&#34;https://www.brow.sh/&#34;&gt;browsh&lt;/a&gt;, and it had a server mode, which I tried on cloud shell and there it was, a browser inside a browser. It wasn’t appealing as it was pixelated.&lt;/p&gt;
&lt;p&gt;I went on searching for a project, which takes care of my “browser in a browser” requirement. I tried to frame a question as precisely as possible but had to unstick &lt;a href=&#34;https://xyproblem.info/&#34;&gt;XY&lt;/a&gt; off of my face in ArchLinux discord, but someone understood it’s about finding a loophole in a loophole and hence the title and finally stumbled on ViewFinder. It took me a while to get it running and there was pure relief on port 8002.&lt;/p&gt;
&lt;p&gt;It used to crash because many threads were getting created while loading heavy pages. I kept on going, but this time I wanted a VNC in a browser. Luckily this wasn’t hard as the previous hunt and came across novnc for the very first time. Fascinating! I got it working after putting a whole afternoon into it and some more time on making a &lt;a href=&#34;https://gist.github.com/ravish0007/c9884cdd90e8cc2ffaacacd658cc05d8&#34;&gt;script&lt;/a&gt; to work.&lt;/p&gt;
&lt;p&gt;Anyway, now I have a full-fledged Linux environment in a browser tab, which is also crazy fast. There were no restrictions whatsoever inside that machine, I could visit any site I wanted, try beautiful programs and carry out weird experiments. Voilà! Freedom and joy in the end. Well! The sound wouldn’t work, I had my ways around it.&lt;/p&gt;
&lt;p&gt;What followed after many months is a single command in termux will set up the environment whenever I needed it. That is all for now, find it &lt;a href=&#34;https://github.com/ravish0007/termux-gcloud&#34;&gt;here&lt;/a&gt; to hack around.&lt;/p&gt;

      </description>
    </item>
    
    <item>
      <title>My first Debian package</title>
      <link>https://ravish0007.netlify.app/blog/first-debian-package/</link>
      <pubDate>Mon, 01 Jan 0001 00:00:00 +0000</pubDate>
      
      <guid>https://ravish0007.netlify.app/blog/first-debian-package/</guid>
      <description>
        
        
        &lt;p&gt;I attended Debconf, Kochi, India. Meeting diverse people with various background taught me lot. It also taught me pain and suffering, seeing a fellow human leave us in between.&lt;/p&gt;
&lt;p&gt;Fortunately, I was able to do debian packaging on the side, particularly ruby.&lt;/p&gt;
&lt;p&gt;This is a thank you note for Pirate Praveen, and Vinay Keshava for helping me out in doing so.&lt;/p&gt;
&lt;p&gt;My first debian package is &lt;a href=&#34;https://tracker.debian.org/pkg/ruby-duo-api&#34;&gt;ruby-duo-api&lt;/a&gt;.&lt;/p&gt;
&lt;p&gt;Thank you Debian.&lt;/p&gt;

      </description>
    </item>
    
    <item>
      <title>The Real End Game</title>
      <link>https://ravish0007.netlify.app/blog/the-real-end-game/</link>
      <pubDate>Mon, 01 Jan 0001 00:00:00 +0000</pubDate>
      
      <guid>https://ravish0007.netlify.app/blog/the-real-end-game/</guid>
      <description>
        
        
        &lt;p&gt;There is light, there is dark and there exist
a dimension where it can&amp;rsquo;t be described by mere words,
It&amp;rsquo;s not hell nor heaven, not the last stage of heaven,
last stage of hell.&lt;/p&gt;
&lt;p&gt;It&amp;rsquo;s the stillness, a state of absolute nothingness,
its a way to absolute end of the game of lives.&lt;/p&gt;
&lt;p&gt;I can only imagine it, fell it by mere mortal brain,
It&amp;rsquo;s not something to be asked, I guess its a grant.&lt;/p&gt;
&lt;p&gt;I can only imagine it, feel it by my mere mortal brain,
its not something to be asked, I guess its a grant.
They say its &amp;ldquo;moksha&amp;rdquo;, but deep down I know, the beautiful thing called as &amp;ldquo;death&amp;rdquo; is not a way to it.&lt;/p&gt;
&lt;p&gt;Hey Divine Creator, If you are listening with your obvious channels,
I know I&amp;rsquo;m longing for it, but I&amp;rsquo;m just a dot around the tiny pebble in your
grand things of &amp;ldquo;samsara&amp;rdquo;.&lt;/p&gt;
&lt;p&gt;Guide me towards it&amp;hellip;&lt;/p&gt;
&lt;p&gt;P.S: If you are not the divine creator, kindly ignore my noise.&lt;/p&gt;

      </description>
    </item>
    
    <item>
      <title>Validating Sudoku</title>
      <link>https://ravish0007.netlify.app/blog/validating-sudoku/</link>
      <pubDate>Mon, 01 Jan 0001 00:00:00 +0000</pubDate>
      
      <guid>https://ravish0007.netlify.app/blog/validating-sudoku/</guid>
      <description>
        
        
        &lt;p&gt;I was asked to validate a sudoku, So far I&amp;rsquo;ve never tried it although I have come across this multiple times.
I wrote some code with naive approach, one board state and bunch of impure functions around it.&lt;/p&gt;
&lt;div class=&#34;hextra-code-block hx-relative hx-mt-6 first:hx-mt-0 hx-group/code&#34;&gt;

&lt;div&gt;&lt;div class=&#34;highlight&#34;&gt;&lt;pre tabindex=&#34;0&#34; class=&#34;chroma&#34;&gt;&lt;code class=&#34;language-javascript&#34; data-lang=&#34;javascript&#34;&gt;&lt;span class=&#34;line&#34;&gt;&lt;span class=&#34;cl&#34;&gt;&lt;span class=&#34;kr&#34;&gt;const&lt;/span&gt; &lt;span class=&#34;nx&#34;&gt;board&lt;/span&gt; &lt;span class=&#34;o&#34;&gt;=&lt;/span&gt; &lt;span class=&#34;p&#34;&gt;[];&lt;/span&gt;
&lt;/span&gt;&lt;/span&gt;&lt;span class=&#34;line&#34;&gt;&lt;span class=&#34;cl&#34;&gt;
&lt;/span&gt;&lt;/span&gt;&lt;span class=&#34;line&#34;&gt;&lt;span class=&#34;cl&#34;&gt;&lt;span class=&#34;kd&#34;&gt;function&lt;/span&gt; &lt;span class=&#34;nx&#34;&gt;init&lt;/span&gt;&lt;span class=&#34;p&#34;&gt;()&lt;/span&gt; &lt;span class=&#34;p&#34;&gt;{&lt;/span&gt;
&lt;/span&gt;&lt;/span&gt;&lt;span class=&#34;line&#34;&gt;&lt;span class=&#34;cl&#34;&gt;  &lt;span class=&#34;k&#34;&gt;for&lt;/span&gt; &lt;span class=&#34;p&#34;&gt;(&lt;/span&gt;&lt;span class=&#34;kd&#34;&gt;let&lt;/span&gt; &lt;span class=&#34;nx&#34;&gt;i&lt;/span&gt; &lt;span class=&#34;o&#34;&gt;=&lt;/span&gt; &lt;span class=&#34;mi&#34;&gt;0&lt;/span&gt;&lt;span class=&#34;p&#34;&gt;;&lt;/span&gt; &lt;span class=&#34;nx&#34;&gt;i&lt;/span&gt; &lt;span class=&#34;o&#34;&gt;&amp;lt;&lt;/span&gt; &lt;span class=&#34;mi&#34;&gt;9&lt;/span&gt;&lt;span class=&#34;p&#34;&gt;;&lt;/span&gt; &lt;span class=&#34;nx&#34;&gt;i&lt;/span&gt;&lt;span class=&#34;o&#34;&gt;++&lt;/span&gt;&lt;span class=&#34;p&#34;&gt;)&lt;/span&gt; &lt;span class=&#34;p&#34;&gt;{&lt;/span&gt;
&lt;/span&gt;&lt;/span&gt;&lt;span class=&#34;line&#34;&gt;&lt;span class=&#34;cl&#34;&gt;    &lt;span class=&#34;nx&#34;&gt;board&lt;/span&gt;&lt;span class=&#34;p&#34;&gt;.&lt;/span&gt;&lt;span class=&#34;nx&#34;&gt;push&lt;/span&gt;&lt;span class=&#34;p&#34;&gt;([&lt;/span&gt;&lt;span class=&#34;kc&#34;&gt;null&lt;/span&gt;&lt;span class=&#34;p&#34;&gt;,&lt;/span&gt; &lt;span class=&#34;kc&#34;&gt;null&lt;/span&gt;&lt;span class=&#34;p&#34;&gt;,&lt;/span&gt; &lt;span class=&#34;kc&#34;&gt;null&lt;/span&gt;&lt;span class=&#34;p&#34;&gt;,&lt;/span&gt; &lt;span class=&#34;kc&#34;&gt;null&lt;/span&gt;&lt;span class=&#34;p&#34;&gt;,&lt;/span&gt; &lt;span class=&#34;kc&#34;&gt;null&lt;/span&gt;&lt;span class=&#34;p&#34;&gt;,&lt;/span&gt; &lt;span class=&#34;kc&#34;&gt;null&lt;/span&gt;&lt;span class=&#34;p&#34;&gt;,&lt;/span&gt; &lt;span class=&#34;kc&#34;&gt;null&lt;/span&gt;&lt;span class=&#34;p&#34;&gt;,&lt;/span&gt; &lt;span class=&#34;kc&#34;&gt;null&lt;/span&gt;&lt;span class=&#34;p&#34;&gt;,&lt;/span&gt; &lt;span class=&#34;kc&#34;&gt;null&lt;/span&gt;&lt;span class=&#34;p&#34;&gt;]);&lt;/span&gt;
&lt;/span&gt;&lt;/span&gt;&lt;span class=&#34;line&#34;&gt;&lt;span class=&#34;cl&#34;&gt;  &lt;span class=&#34;p&#34;&gt;}&lt;/span&gt;
&lt;/span&gt;&lt;/span&gt;&lt;span class=&#34;line&#34;&gt;&lt;span class=&#34;cl&#34;&gt;&lt;span class=&#34;p&#34;&gt;}&lt;/span&gt;
&lt;/span&gt;&lt;/span&gt;&lt;span class=&#34;line&#34;&gt;&lt;span class=&#34;cl&#34;&gt;
&lt;/span&gt;&lt;/span&gt;&lt;span class=&#34;line&#34;&gt;&lt;span class=&#34;cl&#34;&gt;&lt;span class=&#34;kd&#34;&gt;function&lt;/span&gt; &lt;span class=&#34;nx&#34;&gt;validateInputs&lt;/span&gt;&lt;span class=&#34;p&#34;&gt;(&lt;/span&gt;&lt;span class=&#34;nx&#34;&gt;row&lt;/span&gt;&lt;span class=&#34;p&#34;&gt;,&lt;/span&gt; &lt;span class=&#34;nx&#34;&gt;col&lt;/span&gt;&lt;span class=&#34;p&#34;&gt;,&lt;/span&gt; &lt;span class=&#34;nx&#34;&gt;value&lt;/span&gt;&lt;span class=&#34;p&#34;&gt;)&lt;/span&gt; &lt;span class=&#34;p&#34;&gt;{&lt;/span&gt;
&lt;/span&gt;&lt;/span&gt;&lt;span class=&#34;line&#34;&gt;&lt;span class=&#34;cl&#34;&gt;  &lt;span class=&#34;k&#34;&gt;if&lt;/span&gt; &lt;span class=&#34;p&#34;&gt;(&lt;/span&gt;&lt;span class=&#34;nx&#34;&gt;row&lt;/span&gt; &lt;span class=&#34;o&#34;&gt;&amp;gt;&lt;/span&gt; &lt;span class=&#34;mi&#34;&gt;8&lt;/span&gt; &lt;span class=&#34;o&#34;&gt;||&lt;/span&gt; &lt;span class=&#34;nx&#34;&gt;row&lt;/span&gt; &lt;span class=&#34;o&#34;&gt;&amp;lt;&lt;/span&gt; &lt;span class=&#34;mi&#34;&gt;0&lt;/span&gt;&lt;span class=&#34;p&#34;&gt;)&lt;/span&gt; &lt;span class=&#34;p&#34;&gt;{&lt;/span&gt;
&lt;/span&gt;&lt;/span&gt;&lt;span class=&#34;line&#34;&gt;&lt;span class=&#34;cl&#34;&gt;    &lt;span class=&#34;k&#34;&gt;throw&lt;/span&gt; &lt;span class=&#34;k&#34;&gt;new&lt;/span&gt; &lt;span class=&#34;nb&#34;&gt;Error&lt;/span&gt;&lt;span class=&#34;p&#34;&gt;(&lt;/span&gt;&lt;span class=&#34;s2&#34;&gt;&amp;#34;row in not in range&amp;#34;&lt;/span&gt;&lt;span class=&#34;p&#34;&gt;);&lt;/span&gt;
&lt;/span&gt;&lt;/span&gt;&lt;span class=&#34;line&#34;&gt;&lt;span class=&#34;cl&#34;&gt;  &lt;span class=&#34;p&#34;&gt;}&lt;/span&gt;
&lt;/span&gt;&lt;/span&gt;&lt;span class=&#34;line&#34;&gt;&lt;span class=&#34;cl&#34;&gt;
&lt;/span&gt;&lt;/span&gt;&lt;span class=&#34;line&#34;&gt;&lt;span class=&#34;cl&#34;&gt;  &lt;span class=&#34;k&#34;&gt;if&lt;/span&gt; &lt;span class=&#34;p&#34;&gt;(&lt;/span&gt;&lt;span class=&#34;nx&#34;&gt;col&lt;/span&gt; &lt;span class=&#34;o&#34;&gt;&amp;gt;&lt;/span&gt; &lt;span class=&#34;mi&#34;&gt;8&lt;/span&gt; &lt;span class=&#34;o&#34;&gt;||&lt;/span&gt; &lt;span class=&#34;nx&#34;&gt;col&lt;/span&gt; &lt;span class=&#34;o&#34;&gt;&amp;lt;&lt;/span&gt; &lt;span class=&#34;mi&#34;&gt;0&lt;/span&gt;&lt;span class=&#34;p&#34;&gt;)&lt;/span&gt; &lt;span class=&#34;p&#34;&gt;{&lt;/span&gt;
&lt;/span&gt;&lt;/span&gt;&lt;span class=&#34;line&#34;&gt;&lt;span class=&#34;cl&#34;&gt;    &lt;span class=&#34;k&#34;&gt;throw&lt;/span&gt; &lt;span class=&#34;k&#34;&gt;new&lt;/span&gt; &lt;span class=&#34;nb&#34;&gt;Error&lt;/span&gt;&lt;span class=&#34;p&#34;&gt;(&lt;/span&gt;&lt;span class=&#34;s2&#34;&gt;&amp;#34;row in not in range&amp;#34;&lt;/span&gt;&lt;span class=&#34;p&#34;&gt;);&lt;/span&gt;
&lt;/span&gt;&lt;/span&gt;&lt;span class=&#34;line&#34;&gt;&lt;span class=&#34;cl&#34;&gt;  &lt;span class=&#34;p&#34;&gt;}&lt;/span&gt;
&lt;/span&gt;&lt;/span&gt;&lt;span class=&#34;line&#34;&gt;&lt;span class=&#34;cl&#34;&gt;
&lt;/span&gt;&lt;/span&gt;&lt;span class=&#34;line&#34;&gt;&lt;span class=&#34;cl&#34;&gt;  &lt;span class=&#34;k&#34;&gt;if&lt;/span&gt; &lt;span class=&#34;p&#34;&gt;(&lt;/span&gt;&lt;span class=&#34;nx&#34;&gt;value&lt;/span&gt; &lt;span class=&#34;o&#34;&gt;&amp;gt;&lt;/span&gt; &lt;span class=&#34;mi&#34;&gt;9&lt;/span&gt; &lt;span class=&#34;o&#34;&gt;||&lt;/span&gt; &lt;span class=&#34;nx&#34;&gt;value&lt;/span&gt; &lt;span class=&#34;o&#34;&gt;&amp;lt;&lt;/span&gt; &lt;span class=&#34;mi&#34;&gt;1&lt;/span&gt;&lt;span class=&#34;p&#34;&gt;)&lt;/span&gt; &lt;span class=&#34;p&#34;&gt;{&lt;/span&gt;
&lt;/span&gt;&lt;/span&gt;&lt;span class=&#34;line&#34;&gt;&lt;span class=&#34;cl&#34;&gt;    &lt;span class=&#34;k&#34;&gt;throw&lt;/span&gt; &lt;span class=&#34;k&#34;&gt;new&lt;/span&gt; &lt;span class=&#34;nb&#34;&gt;Error&lt;/span&gt;&lt;span class=&#34;p&#34;&gt;(&lt;/span&gt;&lt;span class=&#34;s2&#34;&gt;&amp;#34;value in not in range&amp;#34;&lt;/span&gt;&lt;span class=&#34;p&#34;&gt;);&lt;/span&gt;
&lt;/span&gt;&lt;/span&gt;&lt;span class=&#34;line&#34;&gt;&lt;span class=&#34;cl&#34;&gt;  &lt;span class=&#34;p&#34;&gt;}&lt;/span&gt;
&lt;/span&gt;&lt;/span&gt;&lt;span class=&#34;line&#34;&gt;&lt;span class=&#34;cl&#34;&gt;&lt;span class=&#34;p&#34;&gt;}&lt;/span&gt;
&lt;/span&gt;&lt;/span&gt;&lt;span class=&#34;line&#34;&gt;&lt;span class=&#34;cl&#34;&gt;
&lt;/span&gt;&lt;/span&gt;&lt;span class=&#34;line&#34;&gt;&lt;span class=&#34;cl&#34;&gt;&lt;span class=&#34;kd&#34;&gt;function&lt;/span&gt; &lt;span class=&#34;nx&#34;&gt;printBoard&lt;/span&gt;&lt;span class=&#34;p&#34;&gt;()&lt;/span&gt; &lt;span class=&#34;p&#34;&gt;{&lt;/span&gt;
&lt;/span&gt;&lt;/span&gt;&lt;span class=&#34;line&#34;&gt;&lt;span class=&#34;cl&#34;&gt;  &lt;span class=&#34;nx&#34;&gt;console&lt;/span&gt;&lt;span class=&#34;p&#34;&gt;.&lt;/span&gt;&lt;span class=&#34;nx&#34;&gt;log&lt;/span&gt;&lt;span class=&#34;p&#34;&gt;(&lt;/span&gt;
&lt;/span&gt;&lt;/span&gt;&lt;span class=&#34;line&#34;&gt;&lt;span class=&#34;cl&#34;&gt;    &lt;span class=&#34;nx&#34;&gt;board&lt;/span&gt;
&lt;/span&gt;&lt;/span&gt;&lt;span class=&#34;line&#34;&gt;&lt;span class=&#34;cl&#34;&gt;      &lt;span class=&#34;p&#34;&gt;.&lt;/span&gt;&lt;span class=&#34;nx&#34;&gt;map&lt;/span&gt;&lt;span class=&#34;p&#34;&gt;((&lt;/span&gt;&lt;span class=&#34;nx&#34;&gt;row&lt;/span&gt;&lt;span class=&#34;p&#34;&gt;)&lt;/span&gt; &lt;span class=&#34;p&#34;&gt;=&amp;gt;&lt;/span&gt; &lt;span class=&#34;nx&#34;&gt;row&lt;/span&gt;&lt;span class=&#34;p&#34;&gt;.&lt;/span&gt;&lt;span class=&#34;nx&#34;&gt;map&lt;/span&gt;&lt;span class=&#34;p&#34;&gt;((&lt;/span&gt;&lt;span class=&#34;nx&#34;&gt;element&lt;/span&gt;&lt;span class=&#34;p&#34;&gt;)&lt;/span&gt; &lt;span class=&#34;p&#34;&gt;=&amp;gt;&lt;/span&gt; &lt;span class=&#34;p&#34;&gt;(&lt;/span&gt;&lt;span class=&#34;nx&#34;&gt;element&lt;/span&gt; &lt;span class=&#34;o&#34;&gt;?&lt;/span&gt; &lt;span class=&#34;nx&#34;&gt;element&lt;/span&gt; &lt;span class=&#34;o&#34;&gt;:&lt;/span&gt; &lt;span class=&#34;s2&#34;&gt;&amp;#34; &amp;#34;&lt;/span&gt;&lt;span class=&#34;p&#34;&gt;)).&lt;/span&gt;&lt;span class=&#34;nx&#34;&gt;join&lt;/span&gt;&lt;span class=&#34;p&#34;&gt;(&lt;/span&gt;&lt;span class=&#34;s2&#34;&gt;&amp;#34;|&amp;#34;&lt;/span&gt;&lt;span class=&#34;p&#34;&gt;))&lt;/span&gt;
&lt;/span&gt;&lt;/span&gt;&lt;span class=&#34;line&#34;&gt;&lt;span class=&#34;cl&#34;&gt;      &lt;span class=&#34;p&#34;&gt;.&lt;/span&gt;&lt;span class=&#34;nx&#34;&gt;join&lt;/span&gt;&lt;span class=&#34;p&#34;&gt;(&lt;/span&gt;&lt;span class=&#34;s2&#34;&gt;&amp;#34;\n&amp;#34;&lt;/span&gt;&lt;span class=&#34;p&#34;&gt;)&lt;/span&gt;
&lt;/span&gt;&lt;/span&gt;&lt;span class=&#34;line&#34;&gt;&lt;span class=&#34;cl&#34;&gt;  &lt;span class=&#34;p&#34;&gt;);&lt;/span&gt;
&lt;/span&gt;&lt;/span&gt;&lt;span class=&#34;line&#34;&gt;&lt;span class=&#34;cl&#34;&gt;&lt;span class=&#34;p&#34;&gt;}&lt;/span&gt;
&lt;/span&gt;&lt;/span&gt;&lt;span class=&#34;line&#34;&gt;&lt;span class=&#34;cl&#34;&gt;
&lt;/span&gt;&lt;/span&gt;&lt;span class=&#34;line&#34;&gt;&lt;span class=&#34;cl&#34;&gt;&lt;span class=&#34;kd&#34;&gt;function&lt;/span&gt; &lt;span class=&#34;nx&#34;&gt;validateRows&lt;/span&gt;&lt;span class=&#34;p&#34;&gt;()&lt;/span&gt; &lt;span class=&#34;p&#34;&gt;{&lt;/span&gt;
&lt;/span&gt;&lt;/span&gt;&lt;span class=&#34;line&#34;&gt;&lt;span class=&#34;cl&#34;&gt;  &lt;span class=&#34;kd&#34;&gt;let&lt;/span&gt; &lt;span class=&#34;nx&#34;&gt;seen&lt;/span&gt; &lt;span class=&#34;o&#34;&gt;=&lt;/span&gt; &lt;span class=&#34;p&#34;&gt;{};&lt;/span&gt;
&lt;/span&gt;&lt;/span&gt;&lt;span class=&#34;line&#34;&gt;&lt;span class=&#34;cl&#34;&gt;  &lt;span class=&#34;k&#34;&gt;for&lt;/span&gt; &lt;span class=&#34;p&#34;&gt;(&lt;/span&gt;&lt;span class=&#34;kr&#34;&gt;const&lt;/span&gt; &lt;span class=&#34;nx&#34;&gt;row&lt;/span&gt; &lt;span class=&#34;k&#34;&gt;of&lt;/span&gt; &lt;span class=&#34;nx&#34;&gt;board&lt;/span&gt;&lt;span class=&#34;p&#34;&gt;)&lt;/span&gt; &lt;span class=&#34;p&#34;&gt;{&lt;/span&gt;
&lt;/span&gt;&lt;/span&gt;&lt;span class=&#34;line&#34;&gt;&lt;span class=&#34;cl&#34;&gt;    &lt;span class=&#34;k&#34;&gt;for&lt;/span&gt; &lt;span class=&#34;p&#34;&gt;(&lt;/span&gt;&lt;span class=&#34;kr&#34;&gt;const&lt;/span&gt; &lt;span class=&#34;nx&#34;&gt;number&lt;/span&gt; &lt;span class=&#34;k&#34;&gt;of&lt;/span&gt; &lt;span class=&#34;nx&#34;&gt;row&lt;/span&gt;&lt;span class=&#34;p&#34;&gt;)&lt;/span&gt; &lt;span class=&#34;p&#34;&gt;{&lt;/span&gt;
&lt;/span&gt;&lt;/span&gt;&lt;span class=&#34;line&#34;&gt;&lt;span class=&#34;cl&#34;&gt;      &lt;span class=&#34;k&#34;&gt;if&lt;/span&gt; &lt;span class=&#34;p&#34;&gt;(&lt;/span&gt;&lt;span class=&#34;nx&#34;&gt;number&lt;/span&gt; &lt;span class=&#34;o&#34;&gt;&amp;amp;&amp;amp;&lt;/span&gt; &lt;span class=&#34;nx&#34;&gt;number&lt;/span&gt; &lt;span class=&#34;k&#34;&gt;in&lt;/span&gt; &lt;span class=&#34;nx&#34;&gt;seen&lt;/span&gt;&lt;span class=&#34;p&#34;&gt;)&lt;/span&gt; &lt;span class=&#34;p&#34;&gt;{&lt;/span&gt;
&lt;/span&gt;&lt;/span&gt;&lt;span class=&#34;line&#34;&gt;&lt;span class=&#34;cl&#34;&gt;        &lt;span class=&#34;k&#34;&gt;return&lt;/span&gt; &lt;span class=&#34;kc&#34;&gt;false&lt;/span&gt;&lt;span class=&#34;p&#34;&gt;;&lt;/span&gt;
&lt;/span&gt;&lt;/span&gt;&lt;span class=&#34;line&#34;&gt;&lt;span class=&#34;cl&#34;&gt;      &lt;span class=&#34;p&#34;&gt;}&lt;/span&gt; &lt;span class=&#34;k&#34;&gt;else&lt;/span&gt; &lt;span class=&#34;p&#34;&gt;{&lt;/span&gt;
&lt;/span&gt;&lt;/span&gt;&lt;span class=&#34;line&#34;&gt;&lt;span class=&#34;cl&#34;&gt;        &lt;span class=&#34;nx&#34;&gt;seen&lt;/span&gt;&lt;span class=&#34;p&#34;&gt;[&lt;/span&gt;&lt;span class=&#34;nx&#34;&gt;number&lt;/span&gt;&lt;span class=&#34;p&#34;&gt;]&lt;/span&gt; &lt;span class=&#34;o&#34;&gt;=&lt;/span&gt; &lt;span class=&#34;kc&#34;&gt;true&lt;/span&gt;&lt;span class=&#34;p&#34;&gt;;&lt;/span&gt;
&lt;/span&gt;&lt;/span&gt;&lt;span class=&#34;line&#34;&gt;&lt;span class=&#34;cl&#34;&gt;      &lt;span class=&#34;p&#34;&gt;}&lt;/span&gt;
&lt;/span&gt;&lt;/span&gt;&lt;span class=&#34;line&#34;&gt;&lt;span class=&#34;cl&#34;&gt;    &lt;span class=&#34;p&#34;&gt;}&lt;/span&gt;
&lt;/span&gt;&lt;/span&gt;&lt;span class=&#34;line&#34;&gt;&lt;span class=&#34;cl&#34;&gt;    &lt;span class=&#34;nx&#34;&gt;seen&lt;/span&gt; &lt;span class=&#34;o&#34;&gt;=&lt;/span&gt; &lt;span class=&#34;p&#34;&gt;{};&lt;/span&gt;
&lt;/span&gt;&lt;/span&gt;&lt;span class=&#34;line&#34;&gt;&lt;span class=&#34;cl&#34;&gt;  &lt;span class=&#34;p&#34;&gt;}&lt;/span&gt;
&lt;/span&gt;&lt;/span&gt;&lt;span class=&#34;line&#34;&gt;&lt;span class=&#34;cl&#34;&gt;  &lt;span class=&#34;k&#34;&gt;return&lt;/span&gt; &lt;span class=&#34;kc&#34;&gt;true&lt;/span&gt;&lt;span class=&#34;p&#34;&gt;;&lt;/span&gt;
&lt;/span&gt;&lt;/span&gt;&lt;span class=&#34;line&#34;&gt;&lt;span class=&#34;cl&#34;&gt;&lt;span class=&#34;p&#34;&gt;}&lt;/span&gt;
&lt;/span&gt;&lt;/span&gt;&lt;span class=&#34;line&#34;&gt;&lt;span class=&#34;cl&#34;&gt;
&lt;/span&gt;&lt;/span&gt;&lt;span class=&#34;line&#34;&gt;&lt;span class=&#34;cl&#34;&gt;&lt;span class=&#34;kd&#34;&gt;function&lt;/span&gt; &lt;span class=&#34;nx&#34;&gt;validateColumns&lt;/span&gt;&lt;span class=&#34;p&#34;&gt;()&lt;/span&gt; &lt;span class=&#34;p&#34;&gt;{&lt;/span&gt;
&lt;/span&gt;&lt;/span&gt;&lt;span class=&#34;line&#34;&gt;&lt;span class=&#34;cl&#34;&gt;  &lt;span class=&#34;kd&#34;&gt;let&lt;/span&gt; &lt;span class=&#34;nx&#34;&gt;seen&lt;/span&gt; &lt;span class=&#34;o&#34;&gt;=&lt;/span&gt; &lt;span class=&#34;p&#34;&gt;{};&lt;/span&gt;
&lt;/span&gt;&lt;/span&gt;&lt;span class=&#34;line&#34;&gt;&lt;span class=&#34;cl&#34;&gt;  &lt;span class=&#34;k&#34;&gt;for&lt;/span&gt; &lt;span class=&#34;p&#34;&gt;(&lt;/span&gt;&lt;span class=&#34;kd&#34;&gt;let&lt;/span&gt; &lt;span class=&#34;nx&#34;&gt;col&lt;/span&gt; &lt;span class=&#34;o&#34;&gt;=&lt;/span&gt; &lt;span class=&#34;mi&#34;&gt;0&lt;/span&gt;&lt;span class=&#34;p&#34;&gt;;&lt;/span&gt; &lt;span class=&#34;nx&#34;&gt;col&lt;/span&gt; &lt;span class=&#34;o&#34;&gt;&amp;lt;&lt;/span&gt; &lt;span class=&#34;mi&#34;&gt;9&lt;/span&gt;&lt;span class=&#34;p&#34;&gt;;&lt;/span&gt; &lt;span class=&#34;nx&#34;&gt;col&lt;/span&gt;&lt;span class=&#34;o&#34;&gt;++&lt;/span&gt;&lt;span class=&#34;p&#34;&gt;)&lt;/span&gt; &lt;span class=&#34;p&#34;&gt;{&lt;/span&gt;
&lt;/span&gt;&lt;/span&gt;&lt;span class=&#34;line&#34;&gt;&lt;span class=&#34;cl&#34;&gt;    &lt;span class=&#34;k&#34;&gt;for&lt;/span&gt; &lt;span class=&#34;p&#34;&gt;(&lt;/span&gt;&lt;span class=&#34;kd&#34;&gt;let&lt;/span&gt; &lt;span class=&#34;nx&#34;&gt;row&lt;/span&gt; &lt;span class=&#34;o&#34;&gt;=&lt;/span&gt; &lt;span class=&#34;mi&#34;&gt;0&lt;/span&gt;&lt;span class=&#34;p&#34;&gt;;&lt;/span&gt; &lt;span class=&#34;nx&#34;&gt;row&lt;/span&gt; &lt;span class=&#34;o&#34;&gt;&amp;lt;&lt;/span&gt; &lt;span class=&#34;mi&#34;&gt;9&lt;/span&gt;&lt;span class=&#34;p&#34;&gt;;&lt;/span&gt; &lt;span class=&#34;nx&#34;&gt;row&lt;/span&gt;&lt;span class=&#34;o&#34;&gt;++&lt;/span&gt;&lt;span class=&#34;p&#34;&gt;)&lt;/span&gt; &lt;span class=&#34;p&#34;&gt;{&lt;/span&gt;
&lt;/span&gt;&lt;/span&gt;&lt;span class=&#34;line&#34;&gt;&lt;span class=&#34;cl&#34;&gt;      &lt;span class=&#34;kr&#34;&gt;const&lt;/span&gt; &lt;span class=&#34;nx&#34;&gt;number&lt;/span&gt; &lt;span class=&#34;o&#34;&gt;=&lt;/span&gt; &lt;span class=&#34;nx&#34;&gt;board&lt;/span&gt;&lt;span class=&#34;p&#34;&gt;[&lt;/span&gt;&lt;span class=&#34;nx&#34;&gt;row&lt;/span&gt;&lt;span class=&#34;p&#34;&gt;][&lt;/span&gt;&lt;span class=&#34;nx&#34;&gt;col&lt;/span&gt;&lt;span class=&#34;p&#34;&gt;];&lt;/span&gt;
&lt;/span&gt;&lt;/span&gt;&lt;span class=&#34;line&#34;&gt;&lt;span class=&#34;cl&#34;&gt;      &lt;span class=&#34;k&#34;&gt;if&lt;/span&gt; &lt;span class=&#34;p&#34;&gt;(&lt;/span&gt;&lt;span class=&#34;nx&#34;&gt;number&lt;/span&gt; &lt;span class=&#34;o&#34;&gt;&amp;amp;&amp;amp;&lt;/span&gt; &lt;span class=&#34;nx&#34;&gt;number&lt;/span&gt; &lt;span class=&#34;k&#34;&gt;in&lt;/span&gt; &lt;span class=&#34;nx&#34;&gt;seen&lt;/span&gt;&lt;span class=&#34;p&#34;&gt;)&lt;/span&gt; &lt;span class=&#34;p&#34;&gt;{&lt;/span&gt;
&lt;/span&gt;&lt;/span&gt;&lt;span class=&#34;line&#34;&gt;&lt;span class=&#34;cl&#34;&gt;        &lt;span class=&#34;k&#34;&gt;return&lt;/span&gt; &lt;span class=&#34;kc&#34;&gt;false&lt;/span&gt;&lt;span class=&#34;p&#34;&gt;;&lt;/span&gt;
&lt;/span&gt;&lt;/span&gt;&lt;span class=&#34;line&#34;&gt;&lt;span class=&#34;cl&#34;&gt;      &lt;span class=&#34;p&#34;&gt;}&lt;/span&gt; &lt;span class=&#34;k&#34;&gt;else&lt;/span&gt; &lt;span class=&#34;p&#34;&gt;{&lt;/span&gt;
&lt;/span&gt;&lt;/span&gt;&lt;span class=&#34;line&#34;&gt;&lt;span class=&#34;cl&#34;&gt;        &lt;span class=&#34;nx&#34;&gt;seen&lt;/span&gt;&lt;span class=&#34;p&#34;&gt;[&lt;/span&gt;&lt;span class=&#34;nx&#34;&gt;number&lt;/span&gt;&lt;span class=&#34;p&#34;&gt;]&lt;/span&gt; &lt;span class=&#34;o&#34;&gt;=&lt;/span&gt; &lt;span class=&#34;kc&#34;&gt;true&lt;/span&gt;&lt;span class=&#34;p&#34;&gt;;&lt;/span&gt;
&lt;/span&gt;&lt;/span&gt;&lt;span class=&#34;line&#34;&gt;&lt;span class=&#34;cl&#34;&gt;      &lt;span class=&#34;p&#34;&gt;}&lt;/span&gt;
&lt;/span&gt;&lt;/span&gt;&lt;span class=&#34;line&#34;&gt;&lt;span class=&#34;cl&#34;&gt;    &lt;span class=&#34;p&#34;&gt;}&lt;/span&gt;
&lt;/span&gt;&lt;/span&gt;&lt;span class=&#34;line&#34;&gt;&lt;span class=&#34;cl&#34;&gt;  &lt;span class=&#34;p&#34;&gt;}&lt;/span&gt;
&lt;/span&gt;&lt;/span&gt;&lt;span class=&#34;line&#34;&gt;&lt;span class=&#34;cl&#34;&gt;  &lt;span class=&#34;k&#34;&gt;return&lt;/span&gt; &lt;span class=&#34;kc&#34;&gt;true&lt;/span&gt;&lt;span class=&#34;p&#34;&gt;;&lt;/span&gt;
&lt;/span&gt;&lt;/span&gt;&lt;span class=&#34;line&#34;&gt;&lt;span class=&#34;cl&#34;&gt;&lt;span class=&#34;p&#34;&gt;}&lt;/span&gt;
&lt;/span&gt;&lt;/span&gt;&lt;span class=&#34;line&#34;&gt;&lt;span class=&#34;cl&#34;&gt;
&lt;/span&gt;&lt;/span&gt;&lt;span class=&#34;line&#34;&gt;&lt;span class=&#34;cl&#34;&gt;&lt;span class=&#34;kd&#34;&gt;function&lt;/span&gt; &lt;span class=&#34;nx&#34;&gt;validateBoxes&lt;/span&gt;&lt;span class=&#34;p&#34;&gt;()&lt;/span&gt; &lt;span class=&#34;p&#34;&gt;{&lt;/span&gt;
&lt;/span&gt;&lt;/span&gt;&lt;span class=&#34;line&#34;&gt;&lt;span class=&#34;cl&#34;&gt;  &lt;span class=&#34;nx&#34;&gt;seen&lt;/span&gt; &lt;span class=&#34;o&#34;&gt;=&lt;/span&gt; &lt;span class=&#34;p&#34;&gt;{};&lt;/span&gt;
&lt;/span&gt;&lt;/span&gt;&lt;span class=&#34;line&#34;&gt;&lt;span class=&#34;cl&#34;&gt;  &lt;span class=&#34;k&#34;&gt;for&lt;/span&gt; &lt;span class=&#34;p&#34;&gt;(&lt;/span&gt;&lt;span class=&#34;kd&#34;&gt;let&lt;/span&gt; &lt;span class=&#34;nx&#34;&gt;r&lt;/span&gt; &lt;span class=&#34;o&#34;&gt;=&lt;/span&gt; &lt;span class=&#34;mi&#34;&gt;0&lt;/span&gt;&lt;span class=&#34;p&#34;&gt;;&lt;/span&gt; &lt;span class=&#34;nx&#34;&gt;r&lt;/span&gt; &lt;span class=&#34;o&#34;&gt;&amp;lt;&lt;/span&gt; &lt;span class=&#34;mi&#34;&gt;9&lt;/span&gt;&lt;span class=&#34;p&#34;&gt;;&lt;/span&gt; &lt;span class=&#34;nx&#34;&gt;r&lt;/span&gt; &lt;span class=&#34;o&#34;&gt;=&lt;/span&gt; &lt;span class=&#34;nx&#34;&gt;r&lt;/span&gt; &lt;span class=&#34;o&#34;&gt;+&lt;/span&gt; &lt;span class=&#34;mi&#34;&gt;3&lt;/span&gt;&lt;span class=&#34;p&#34;&gt;)&lt;/span&gt; &lt;span class=&#34;p&#34;&gt;{&lt;/span&gt;
&lt;/span&gt;&lt;/span&gt;&lt;span class=&#34;line&#34;&gt;&lt;span class=&#34;cl&#34;&gt;    &lt;span class=&#34;k&#34;&gt;for&lt;/span&gt; &lt;span class=&#34;p&#34;&gt;(&lt;/span&gt;&lt;span class=&#34;kd&#34;&gt;let&lt;/span&gt; &lt;span class=&#34;nx&#34;&gt;c&lt;/span&gt; &lt;span class=&#34;o&#34;&gt;=&lt;/span&gt; &lt;span class=&#34;mi&#34;&gt;0&lt;/span&gt;&lt;span class=&#34;p&#34;&gt;;&lt;/span&gt; &lt;span class=&#34;nx&#34;&gt;c&lt;/span&gt; &lt;span class=&#34;o&#34;&gt;&amp;lt;&lt;/span&gt; &lt;span class=&#34;mi&#34;&gt;9&lt;/span&gt;&lt;span class=&#34;p&#34;&gt;;&lt;/span&gt; &lt;span class=&#34;nx&#34;&gt;c&lt;/span&gt; &lt;span class=&#34;o&#34;&gt;=&lt;/span&gt; &lt;span class=&#34;nx&#34;&gt;c&lt;/span&gt; &lt;span class=&#34;o&#34;&gt;+&lt;/span&gt; &lt;span class=&#34;mi&#34;&gt;3&lt;/span&gt;&lt;span class=&#34;p&#34;&gt;)&lt;/span&gt; &lt;span class=&#34;p&#34;&gt;{&lt;/span&gt;
&lt;/span&gt;&lt;/span&gt;&lt;span class=&#34;line&#34;&gt;&lt;span class=&#34;cl&#34;&gt;      &lt;span class=&#34;k&#34;&gt;for&lt;/span&gt; &lt;span class=&#34;p&#34;&gt;(&lt;/span&gt;&lt;span class=&#34;kd&#34;&gt;let&lt;/span&gt; &lt;span class=&#34;nx&#34;&gt;row&lt;/span&gt; &lt;span class=&#34;o&#34;&gt;=&lt;/span&gt; &lt;span class=&#34;mi&#34;&gt;0&lt;/span&gt;&lt;span class=&#34;p&#34;&gt;;&lt;/span&gt; &lt;span class=&#34;nx&#34;&gt;row&lt;/span&gt; &lt;span class=&#34;o&#34;&gt;&amp;lt;&lt;/span&gt; &lt;span class=&#34;mi&#34;&gt;3&lt;/span&gt;&lt;span class=&#34;p&#34;&gt;;&lt;/span&gt; &lt;span class=&#34;nx&#34;&gt;row&lt;/span&gt;&lt;span class=&#34;o&#34;&gt;++&lt;/span&gt;&lt;span class=&#34;p&#34;&gt;)&lt;/span&gt; &lt;span class=&#34;p&#34;&gt;{&lt;/span&gt;
&lt;/span&gt;&lt;/span&gt;&lt;span class=&#34;line&#34;&gt;&lt;span class=&#34;cl&#34;&gt;        &lt;span class=&#34;k&#34;&gt;for&lt;/span&gt; &lt;span class=&#34;p&#34;&gt;(&lt;/span&gt;&lt;span class=&#34;kd&#34;&gt;let&lt;/span&gt; &lt;span class=&#34;nx&#34;&gt;col&lt;/span&gt; &lt;span class=&#34;o&#34;&gt;=&lt;/span&gt; &lt;span class=&#34;mi&#34;&gt;0&lt;/span&gt;&lt;span class=&#34;p&#34;&gt;;&lt;/span&gt; &lt;span class=&#34;nx&#34;&gt;col&lt;/span&gt; &lt;span class=&#34;o&#34;&gt;&amp;lt;&lt;/span&gt; &lt;span class=&#34;mi&#34;&gt;3&lt;/span&gt;&lt;span class=&#34;p&#34;&gt;;&lt;/span&gt; &lt;span class=&#34;nx&#34;&gt;col&lt;/span&gt;&lt;span class=&#34;o&#34;&gt;++&lt;/span&gt;&lt;span class=&#34;p&#34;&gt;)&lt;/span&gt; &lt;span class=&#34;p&#34;&gt;{&lt;/span&gt;
&lt;/span&gt;&lt;/span&gt;&lt;span class=&#34;line&#34;&gt;&lt;span class=&#34;cl&#34;&gt;          &lt;span class=&#34;kr&#34;&gt;const&lt;/span&gt; &lt;span class=&#34;nx&#34;&gt;number&lt;/span&gt; &lt;span class=&#34;o&#34;&gt;=&lt;/span&gt; &lt;span class=&#34;nx&#34;&gt;board&lt;/span&gt;&lt;span class=&#34;p&#34;&gt;[&lt;/span&gt;&lt;span class=&#34;nx&#34;&gt;r&lt;/span&gt; &lt;span class=&#34;o&#34;&gt;+&lt;/span&gt; &lt;span class=&#34;nx&#34;&gt;row&lt;/span&gt;&lt;span class=&#34;p&#34;&gt;][&lt;/span&gt;&lt;span class=&#34;nx&#34;&gt;c&lt;/span&gt; &lt;span class=&#34;o&#34;&gt;+&lt;/span&gt; &lt;span class=&#34;nx&#34;&gt;col&lt;/span&gt;&lt;span class=&#34;p&#34;&gt;];&lt;/span&gt;
&lt;/span&gt;&lt;/span&gt;&lt;span class=&#34;line&#34;&gt;&lt;span class=&#34;cl&#34;&gt;          &lt;span class=&#34;k&#34;&gt;if&lt;/span&gt; &lt;span class=&#34;p&#34;&gt;(&lt;/span&gt;&lt;span class=&#34;nx&#34;&gt;number&lt;/span&gt; &lt;span class=&#34;o&#34;&gt;&amp;amp;&amp;amp;&lt;/span&gt; &lt;span class=&#34;nx&#34;&gt;number&lt;/span&gt; &lt;span class=&#34;k&#34;&gt;in&lt;/span&gt; &lt;span class=&#34;nx&#34;&gt;seen&lt;/span&gt;&lt;span class=&#34;p&#34;&gt;)&lt;/span&gt; &lt;span class=&#34;p&#34;&gt;{&lt;/span&gt;
&lt;/span&gt;&lt;/span&gt;&lt;span class=&#34;line&#34;&gt;&lt;span class=&#34;cl&#34;&gt;            &lt;span class=&#34;k&#34;&gt;return&lt;/span&gt; &lt;span class=&#34;kc&#34;&gt;false&lt;/span&gt;&lt;span class=&#34;p&#34;&gt;;&lt;/span&gt;
&lt;/span&gt;&lt;/span&gt;&lt;span class=&#34;line&#34;&gt;&lt;span class=&#34;cl&#34;&gt;          &lt;span class=&#34;p&#34;&gt;}&lt;/span&gt; &lt;span class=&#34;k&#34;&gt;else&lt;/span&gt; &lt;span class=&#34;p&#34;&gt;{&lt;/span&gt;
&lt;/span&gt;&lt;/span&gt;&lt;span class=&#34;line&#34;&gt;&lt;span class=&#34;cl&#34;&gt;            &lt;span class=&#34;nx&#34;&gt;seen&lt;/span&gt;&lt;span class=&#34;p&#34;&gt;[&lt;/span&gt;&lt;span class=&#34;nx&#34;&gt;number&lt;/span&gt;&lt;span class=&#34;p&#34;&gt;]&lt;/span&gt; &lt;span class=&#34;o&#34;&gt;=&lt;/span&gt; &lt;span class=&#34;kc&#34;&gt;true&lt;/span&gt;&lt;span class=&#34;p&#34;&gt;;&lt;/span&gt;
&lt;/span&gt;&lt;/span&gt;&lt;span class=&#34;line&#34;&gt;&lt;span class=&#34;cl&#34;&gt;          &lt;span class=&#34;p&#34;&gt;}&lt;/span&gt;
&lt;/span&gt;&lt;/span&gt;&lt;span class=&#34;line&#34;&gt;&lt;span class=&#34;cl&#34;&gt;        &lt;span class=&#34;p&#34;&gt;}&lt;/span&gt;
&lt;/span&gt;&lt;/span&gt;&lt;span class=&#34;line&#34;&gt;&lt;span class=&#34;cl&#34;&gt;      &lt;span class=&#34;p&#34;&gt;}&lt;/span&gt;
&lt;/span&gt;&lt;/span&gt;&lt;span class=&#34;line&#34;&gt;&lt;span class=&#34;cl&#34;&gt;    &lt;span class=&#34;p&#34;&gt;}&lt;/span&gt;
&lt;/span&gt;&lt;/span&gt;&lt;span class=&#34;line&#34;&gt;&lt;span class=&#34;cl&#34;&gt;  &lt;span class=&#34;p&#34;&gt;}&lt;/span&gt;
&lt;/span&gt;&lt;/span&gt;&lt;span class=&#34;line&#34;&gt;&lt;span class=&#34;cl&#34;&gt;  &lt;span class=&#34;k&#34;&gt;return&lt;/span&gt; &lt;span class=&#34;kc&#34;&gt;true&lt;/span&gt;&lt;span class=&#34;p&#34;&gt;;&lt;/span&gt;
&lt;/span&gt;&lt;/span&gt;&lt;span class=&#34;line&#34;&gt;&lt;span class=&#34;cl&#34;&gt;&lt;span class=&#34;p&#34;&gt;}&lt;/span&gt;
&lt;/span&gt;&lt;/span&gt;&lt;span class=&#34;line&#34;&gt;&lt;span class=&#34;cl&#34;&gt;
&lt;/span&gt;&lt;/span&gt;&lt;span class=&#34;line&#34;&gt;&lt;span class=&#34;cl&#34;&gt;&lt;span class=&#34;kd&#34;&gt;function&lt;/span&gt; &lt;span class=&#34;nx&#34;&gt;validateBoardState&lt;/span&gt;&lt;span class=&#34;p&#34;&gt;()&lt;/span&gt; &lt;span class=&#34;p&#34;&gt;{&lt;/span&gt;
&lt;/span&gt;&lt;/span&gt;&lt;span class=&#34;line&#34;&gt;&lt;span class=&#34;cl&#34;&gt;  &lt;span class=&#34;nx&#34;&gt;isRowValid&lt;/span&gt; &lt;span class=&#34;o&#34;&gt;=&lt;/span&gt; &lt;span class=&#34;nx&#34;&gt;validateRows&lt;/span&gt;&lt;span class=&#34;p&#34;&gt;();&lt;/span&gt;
&lt;/span&gt;&lt;/span&gt;&lt;span class=&#34;line&#34;&gt;&lt;span class=&#34;cl&#34;&gt;  &lt;span class=&#34;nx&#34;&gt;isColumnValid&lt;/span&gt; &lt;span class=&#34;o&#34;&gt;=&lt;/span&gt; &lt;span class=&#34;nx&#34;&gt;validateColumns&lt;/span&gt;&lt;span class=&#34;p&#34;&gt;();&lt;/span&gt;
&lt;/span&gt;&lt;/span&gt;&lt;span class=&#34;line&#34;&gt;&lt;span class=&#34;cl&#34;&gt;  &lt;span class=&#34;nx&#34;&gt;isBoxesValid&lt;/span&gt; &lt;span class=&#34;o&#34;&gt;=&lt;/span&gt; &lt;span class=&#34;nx&#34;&gt;validateBoxes&lt;/span&gt;&lt;span class=&#34;p&#34;&gt;();&lt;/span&gt;
&lt;/span&gt;&lt;/span&gt;&lt;span class=&#34;line&#34;&gt;&lt;span class=&#34;cl&#34;&gt;  &lt;span class=&#34;k&#34;&gt;return&lt;/span&gt; &lt;span class=&#34;nx&#34;&gt;isRowValid&lt;/span&gt; &lt;span class=&#34;o&#34;&gt;&amp;amp;&amp;amp;&lt;/span&gt; &lt;span class=&#34;nx&#34;&gt;isColumnValid&lt;/span&gt; &lt;span class=&#34;o&#34;&gt;&amp;amp;&amp;amp;&lt;/span&gt; &lt;span class=&#34;nx&#34;&gt;isBoxesValid&lt;/span&gt;&lt;span class=&#34;p&#34;&gt;;&lt;/span&gt;
&lt;/span&gt;&lt;/span&gt;&lt;span class=&#34;line&#34;&gt;&lt;span class=&#34;cl&#34;&gt;&lt;span class=&#34;p&#34;&gt;}&lt;/span&gt;
&lt;/span&gt;&lt;/span&gt;&lt;span class=&#34;line&#34;&gt;&lt;span class=&#34;cl&#34;&gt;
&lt;/span&gt;&lt;/span&gt;&lt;span class=&#34;line&#34;&gt;&lt;span class=&#34;cl&#34;&gt;&lt;span class=&#34;kd&#34;&gt;function&lt;/span&gt; &lt;span class=&#34;nx&#34;&gt;sudoku&lt;/span&gt;&lt;span class=&#34;p&#34;&gt;([&lt;/span&gt;&lt;span class=&#34;nx&#34;&gt;indices&lt;/span&gt;&lt;span class=&#34;p&#34;&gt;,&lt;/span&gt; &lt;span class=&#34;nx&#34;&gt;value&lt;/span&gt;&lt;span class=&#34;p&#34;&gt;])&lt;/span&gt; &lt;span class=&#34;p&#34;&gt;{&lt;/span&gt;
&lt;/span&gt;&lt;/span&gt;&lt;span class=&#34;line&#34;&gt;&lt;span class=&#34;cl&#34;&gt;  &lt;span class=&#34;kr&#34;&gt;const&lt;/span&gt; &lt;span class=&#34;p&#34;&gt;[&lt;/span&gt;&lt;span class=&#34;nx&#34;&gt;row&lt;/span&gt;&lt;span class=&#34;p&#34;&gt;,&lt;/span&gt; &lt;span class=&#34;nx&#34;&gt;col&lt;/span&gt;&lt;span class=&#34;p&#34;&gt;]&lt;/span&gt; &lt;span class=&#34;o&#34;&gt;=&lt;/span&gt; &lt;span class=&#34;nx&#34;&gt;indices&lt;/span&gt;&lt;span class=&#34;p&#34;&gt;;&lt;/span&gt;
&lt;/span&gt;&lt;/span&gt;&lt;span class=&#34;line&#34;&gt;&lt;span class=&#34;cl&#34;&gt;
&lt;/span&gt;&lt;/span&gt;&lt;span class=&#34;line&#34;&gt;&lt;span class=&#34;cl&#34;&gt;  &lt;span class=&#34;nx&#34;&gt;validateInputs&lt;/span&gt;&lt;span class=&#34;p&#34;&gt;(&lt;/span&gt;&lt;span class=&#34;nx&#34;&gt;row&lt;/span&gt;&lt;span class=&#34;p&#34;&gt;,&lt;/span&gt; &lt;span class=&#34;nx&#34;&gt;col&lt;/span&gt;&lt;span class=&#34;p&#34;&gt;,&lt;/span&gt; &lt;span class=&#34;nx&#34;&gt;value&lt;/span&gt;&lt;span class=&#34;p&#34;&gt;);&lt;/span&gt;
&lt;/span&gt;&lt;/span&gt;&lt;span class=&#34;line&#34;&gt;&lt;span class=&#34;cl&#34;&gt;
&lt;/span&gt;&lt;/span&gt;&lt;span class=&#34;line&#34;&gt;&lt;span class=&#34;cl&#34;&gt;  &lt;span class=&#34;k&#34;&gt;if&lt;/span&gt; &lt;span class=&#34;p&#34;&gt;(&lt;/span&gt;&lt;span class=&#34;nx&#34;&gt;board&lt;/span&gt;&lt;span class=&#34;p&#34;&gt;[&lt;/span&gt;&lt;span class=&#34;nx&#34;&gt;row&lt;/span&gt;&lt;span class=&#34;p&#34;&gt;][&lt;/span&gt;&lt;span class=&#34;nx&#34;&gt;col&lt;/span&gt;&lt;span class=&#34;p&#34;&gt;])&lt;/span&gt; &lt;span class=&#34;p&#34;&gt;{&lt;/span&gt;
&lt;/span&gt;&lt;/span&gt;&lt;span class=&#34;line&#34;&gt;&lt;span class=&#34;cl&#34;&gt;    &lt;span class=&#34;k&#34;&gt;throw&lt;/span&gt; &lt;span class=&#34;k&#34;&gt;new&lt;/span&gt; &lt;span class=&#34;nb&#34;&gt;Error&lt;/span&gt;&lt;span class=&#34;p&#34;&gt;(&lt;/span&gt;&lt;span class=&#34;s2&#34;&gt;&amp;#34;positon in the board is already occupied&amp;#34;&lt;/span&gt;&lt;span class=&#34;p&#34;&gt;);&lt;/span&gt;
&lt;/span&gt;&lt;/span&gt;&lt;span class=&#34;line&#34;&gt;&lt;span class=&#34;cl&#34;&gt;  &lt;span class=&#34;p&#34;&gt;}&lt;/span&gt;
&lt;/span&gt;&lt;/span&gt;&lt;span class=&#34;line&#34;&gt;&lt;span class=&#34;cl&#34;&gt;
&lt;/span&gt;&lt;/span&gt;&lt;span class=&#34;line&#34;&gt;&lt;span class=&#34;cl&#34;&gt;  &lt;span class=&#34;nx&#34;&gt;board&lt;/span&gt;&lt;span class=&#34;p&#34;&gt;[&lt;/span&gt;&lt;span class=&#34;nx&#34;&gt;row&lt;/span&gt;&lt;span class=&#34;p&#34;&gt;][&lt;/span&gt;&lt;span class=&#34;nx&#34;&gt;col&lt;/span&gt;&lt;span class=&#34;p&#34;&gt;]&lt;/span&gt; &lt;span class=&#34;o&#34;&gt;=&lt;/span&gt; &lt;span class=&#34;nx&#34;&gt;value&lt;/span&gt;&lt;span class=&#34;p&#34;&gt;;&lt;/span&gt;
&lt;/span&gt;&lt;/span&gt;&lt;span class=&#34;line&#34;&gt;&lt;span class=&#34;cl&#34;&gt;  &lt;span class=&#34;kr&#34;&gt;const&lt;/span&gt; &lt;span class=&#34;nx&#34;&gt;isValid&lt;/span&gt; &lt;span class=&#34;o&#34;&gt;=&lt;/span&gt; &lt;span class=&#34;nx&#34;&gt;validateBoardState&lt;/span&gt;&lt;span class=&#34;p&#34;&gt;();&lt;/span&gt;
&lt;/span&gt;&lt;/span&gt;&lt;span class=&#34;line&#34;&gt;&lt;span class=&#34;cl&#34;&gt;  &lt;span class=&#34;k&#34;&gt;if&lt;/span&gt; &lt;span class=&#34;p&#34;&gt;(&lt;/span&gt;&lt;span class=&#34;o&#34;&gt;!&lt;/span&gt;&lt;span class=&#34;nx&#34;&gt;isValid&lt;/span&gt;&lt;span class=&#34;p&#34;&gt;)&lt;/span&gt; &lt;span class=&#34;p&#34;&gt;{&lt;/span&gt;
&lt;/span&gt;&lt;/span&gt;&lt;span class=&#34;line&#34;&gt;&lt;span class=&#34;cl&#34;&gt;    &lt;span class=&#34;nx&#34;&gt;board&lt;/span&gt;&lt;span class=&#34;p&#34;&gt;[&lt;/span&gt;&lt;span class=&#34;nx&#34;&gt;row&lt;/span&gt;&lt;span class=&#34;p&#34;&gt;][&lt;/span&gt;&lt;span class=&#34;nx&#34;&gt;col&lt;/span&gt;&lt;span class=&#34;p&#34;&gt;]&lt;/span&gt; &lt;span class=&#34;o&#34;&gt;=&lt;/span&gt; &lt;span class=&#34;kc&#34;&gt;null&lt;/span&gt;&lt;span class=&#34;p&#34;&gt;;&lt;/span&gt;
&lt;/span&gt;&lt;/span&gt;&lt;span class=&#34;line&#34;&gt;&lt;span class=&#34;cl&#34;&gt;  &lt;span class=&#34;p&#34;&gt;}&lt;/span&gt;
&lt;/span&gt;&lt;/span&gt;&lt;span class=&#34;line&#34;&gt;&lt;span class=&#34;cl&#34;&gt;&lt;span class=&#34;p&#34;&gt;}&lt;/span&gt;
&lt;/span&gt;&lt;/span&gt;&lt;span class=&#34;line&#34;&gt;&lt;span class=&#34;cl&#34;&gt;
&lt;/span&gt;&lt;/span&gt;&lt;span class=&#34;line&#34;&gt;&lt;span class=&#34;cl&#34;&gt;&lt;span class=&#34;nx&#34;&gt;init&lt;/span&gt;&lt;span class=&#34;p&#34;&gt;();&lt;/span&gt;
&lt;/span&gt;&lt;/span&gt;&lt;span class=&#34;line&#34;&gt;&lt;span class=&#34;cl&#34;&gt;&lt;span class=&#34;nx&#34;&gt;sudoku&lt;/span&gt;&lt;span class=&#34;p&#34;&gt;([[&lt;/span&gt;&lt;span class=&#34;mi&#34;&gt;0&lt;/span&gt;&lt;span class=&#34;p&#34;&gt;,&lt;/span&gt; &lt;span class=&#34;mi&#34;&gt;0&lt;/span&gt;&lt;span class=&#34;p&#34;&gt;],&lt;/span&gt; &lt;span class=&#34;mi&#34;&gt;2&lt;/span&gt;&lt;span class=&#34;p&#34;&gt;]);&lt;/span&gt;
&lt;/span&gt;&lt;/span&gt;&lt;span class=&#34;line&#34;&gt;&lt;span class=&#34;cl&#34;&gt;&lt;span class=&#34;nx&#34;&gt;sudoku&lt;/span&gt;&lt;span class=&#34;p&#34;&gt;([[&lt;/span&gt;&lt;span class=&#34;mi&#34;&gt;0&lt;/span&gt;&lt;span class=&#34;p&#34;&gt;,&lt;/span&gt; &lt;span class=&#34;mi&#34;&gt;1&lt;/span&gt;&lt;span class=&#34;p&#34;&gt;],&lt;/span&gt; &lt;span class=&#34;mi&#34;&gt;3&lt;/span&gt;&lt;span class=&#34;p&#34;&gt;]);&lt;/span&gt;
&lt;/span&gt;&lt;/span&gt;&lt;span class=&#34;line&#34;&gt;&lt;span class=&#34;cl&#34;&gt;&lt;span class=&#34;nx&#34;&gt;sudoku&lt;/span&gt;&lt;span class=&#34;p&#34;&gt;([[&lt;/span&gt;&lt;span class=&#34;mi&#34;&gt;0&lt;/span&gt;&lt;span class=&#34;p&#34;&gt;,&lt;/span&gt; &lt;span class=&#34;mi&#34;&gt;2&lt;/span&gt;&lt;span class=&#34;p&#34;&gt;],&lt;/span&gt; &lt;span class=&#34;mi&#34;&gt;4&lt;/span&gt;&lt;span class=&#34;p&#34;&gt;]);&lt;/span&gt;
&lt;/span&gt;&lt;/span&gt;&lt;span class=&#34;line&#34;&gt;&lt;span class=&#34;cl&#34;&gt;&lt;span class=&#34;nx&#34;&gt;sudoku&lt;/span&gt;&lt;span class=&#34;p&#34;&gt;([[&lt;/span&gt;&lt;span class=&#34;mi&#34;&gt;1&lt;/span&gt;&lt;span class=&#34;p&#34;&gt;,&lt;/span&gt; &lt;span class=&#34;mi&#34;&gt;0&lt;/span&gt;&lt;span class=&#34;p&#34;&gt;],&lt;/span&gt; &lt;span class=&#34;mi&#34;&gt;5&lt;/span&gt;&lt;span class=&#34;p&#34;&gt;]);&lt;/span&gt;
&lt;/span&gt;&lt;/span&gt;&lt;span class=&#34;line&#34;&gt;&lt;span class=&#34;cl&#34;&gt;&lt;span class=&#34;nx&#34;&gt;sudoku&lt;/span&gt;&lt;span class=&#34;p&#34;&gt;([[&lt;/span&gt;&lt;span class=&#34;mi&#34;&gt;1&lt;/span&gt;&lt;span class=&#34;p&#34;&gt;,&lt;/span&gt; &lt;span class=&#34;mi&#34;&gt;1&lt;/span&gt;&lt;span class=&#34;p&#34;&gt;],&lt;/span&gt; &lt;span class=&#34;mi&#34;&gt;6&lt;/span&gt;&lt;span class=&#34;p&#34;&gt;]);&lt;/span&gt;
&lt;/span&gt;&lt;/span&gt;&lt;span class=&#34;line&#34;&gt;&lt;span class=&#34;cl&#34;&gt;&lt;span class=&#34;nx&#34;&gt;sudoku&lt;/span&gt;&lt;span class=&#34;p&#34;&gt;([[&lt;/span&gt;&lt;span class=&#34;mi&#34;&gt;1&lt;/span&gt;&lt;span class=&#34;p&#34;&gt;,&lt;/span&gt; &lt;span class=&#34;mi&#34;&gt;2&lt;/span&gt;&lt;span class=&#34;p&#34;&gt;],&lt;/span&gt; &lt;span class=&#34;mi&#34;&gt;7&lt;/span&gt;&lt;span class=&#34;p&#34;&gt;]);&lt;/span&gt;
&lt;/span&gt;&lt;/span&gt;&lt;span class=&#34;line&#34;&gt;&lt;span class=&#34;cl&#34;&gt;&lt;span class=&#34;nx&#34;&gt;sudoku&lt;/span&gt;&lt;span class=&#34;p&#34;&gt;([[&lt;/span&gt;&lt;span class=&#34;mi&#34;&gt;2&lt;/span&gt;&lt;span class=&#34;p&#34;&gt;,&lt;/span&gt; &lt;span class=&#34;mi&#34;&gt;0&lt;/span&gt;&lt;span class=&#34;p&#34;&gt;],&lt;/span&gt; &lt;span class=&#34;mi&#34;&gt;8&lt;/span&gt;&lt;span class=&#34;p&#34;&gt;]);&lt;/span&gt;
&lt;/span&gt;&lt;/span&gt;&lt;span class=&#34;line&#34;&gt;&lt;span class=&#34;cl&#34;&gt;&lt;span class=&#34;nx&#34;&gt;sudoku&lt;/span&gt;&lt;span class=&#34;p&#34;&gt;([[&lt;/span&gt;&lt;span class=&#34;mi&#34;&gt;2&lt;/span&gt;&lt;span class=&#34;p&#34;&gt;,&lt;/span&gt; &lt;span class=&#34;mi&#34;&gt;1&lt;/span&gt;&lt;span class=&#34;p&#34;&gt;],&lt;/span&gt; &lt;span class=&#34;mi&#34;&gt;9&lt;/span&gt;&lt;span class=&#34;p&#34;&gt;]);&lt;/span&gt;
&lt;/span&gt;&lt;/span&gt;&lt;span class=&#34;line&#34;&gt;&lt;span class=&#34;cl&#34;&gt;&lt;span class=&#34;nx&#34;&gt;sudoku&lt;/span&gt;&lt;span class=&#34;p&#34;&gt;([[&lt;/span&gt;&lt;span class=&#34;mi&#34;&gt;2&lt;/span&gt;&lt;span class=&#34;p&#34;&gt;,&lt;/span&gt; &lt;span class=&#34;mi&#34;&gt;2&lt;/span&gt;&lt;span class=&#34;p&#34;&gt;],&lt;/span&gt; &lt;span class=&#34;mi&#34;&gt;9&lt;/span&gt;&lt;span class=&#34;p&#34;&gt;]);&lt;/span&gt;
&lt;/span&gt;&lt;/span&gt;&lt;span class=&#34;line&#34;&gt;&lt;span class=&#34;cl&#34;&gt;&lt;span class=&#34;c1&#34;&gt;// sudoku([[0, 2], 4]);
&lt;/span&gt;&lt;/span&gt;&lt;/span&gt;&lt;span class=&#34;line&#34;&gt;&lt;span class=&#34;cl&#34;&gt;&lt;span class=&#34;c1&#34;&gt;&lt;/span&gt;&lt;span class=&#34;nx&#34;&gt;printBoard&lt;/span&gt;&lt;span class=&#34;p&#34;&gt;();&lt;/span&gt;&lt;/span&gt;&lt;/span&gt;&lt;/code&gt;&lt;/pre&gt;&lt;/div&gt;&lt;/div&gt;&lt;div class=&#34;hextra-code-copy-btn-container hx-opacity-0 hx-transition group-hover/code:hx-opacity-100 hx-flex hx-gap-1 hx-absolute hx-m-[11px] hx-right-0 hx-top-0&#34;&gt;
  &lt;button
    class=&#34;hextra-code-copy-btn hx-group/copybtn hx-transition-all active:hx-opacity-50 hx-bg-primary-700/5 hx-border hx-border-black/5 hx-text-gray-600 hover:hx-text-gray-900 hx-rounded-md hx-p-1.5 dark:hx-bg-primary-300/10 dark:hx-border-white/10 dark:hx-text-gray-400 dark:hover:hx-text-gray-50&#34;
    title=&#34;Copy code&#34;
  &gt;
    &lt;div class=&#34;copy-icon group-[.copied]/copybtn:hx-hidden hx-pointer-events-none hx-h-4 hx-w-4&#34;&gt;&lt;/div&gt;
    &lt;div class=&#34;success-icon hx-hidden group-[.copied]/copybtn:hx-block hx-pointer-events-none hx-h-4 hx-w-4&#34;&gt;&lt;/div&gt;
  &lt;/button&gt;
&lt;/div&gt;
&lt;/div&gt;
      </description>
    </item>
    
  </channel>
</rss>
