<rss version="2.0" xmlns:atom="http://www.w3.org/2005/Atom">
  <channel>
    <title>./ravi.sh – Living Clojure</title>
    <link>http://192.168.0.153:1313/docs/livig-clojure/</link>
    <description>Recent content in Living Clojure on ./ravi.sh</description>
    <generator>Hugo -- gohugo.io</generator>
    <language>en</language>
    
	  <atom:link href="http://192.168.0.153:1313/docs/livig-clojure/index.xml" rel="self" type="application/rss+xml" />
    
    
      
        
      
    
    
  </channel>
</rss>
