<rss version="2.0" xmlns:atom="http://www.w3.org/2005/Atom">
  <channel>
    <title>./ravi.sh – Living Clojure</title>
    <link>https://ravish0007.netlify.app/docs/living-clojure/</link>
    <description>Recent content in Living Clojure on ./ravi.sh</description>
    <generator>Hugo -- gohugo.io</generator>
    <language>en</language>
    
	  <atom:link href="https://ravish0007.netlify.app/docs/living-clojure/index.xml" rel="self" type="application/rss+xml" />
    
    
      
        
      
    
    
    <item>
      <title>The Structure of Clojure</title>
      <link>https://ravish0007.netlify.app/docs/living-clojure/structure-of-clojure/</link>
      <pubDate>Mon, 01 Jan 0001 00:00:00 +0000</pubDate>
      
      <guid>https://ravish0007.netlify.app/docs/living-clojure/structure-of-clojure/</guid>
      <description>
        
        
        &lt;h2&gt;The Structure of Clojure&lt;span class=&#34;hx-absolute -hx-mt-20&#34; id=&#34;the-structure-of-clojure&#34;&gt;&lt;/span&gt;
    &lt;a href=&#34;#the-structure-of-clojure&#34; class=&#34;subheading-anchor&#34; aria-label=&#34;Permalink for this section&#34;&gt;&lt;/a&gt;&lt;/h2&gt;&lt;div class=&#34;hextra-cards hx-mt-4 hx-gap-4 hx-grid not-prose&#34; style=&#34;--hextra-cards-grid-cols: 3;&#34;&gt;

&lt;a
  class=&#34;hextra-card hx-group hx-flex hx-flex-col hx-justify-start hx-overflow-hidden hx-rounded-lg hx-border hx-border-gray-200 hx-text-current hx-no-underline dark:hx-shadow-none hover:hx-shadow-gray-100 dark:hover:hx-shadow-none hx-shadow-gray-100 active:hx-shadow-sm active:hx-shadow-gray-200 hx-transition-all hx-duration-200 hover:hx-border-gray-300 hx-bg-transparent hx-shadow-sm dark:hx-border-neutral-800 hover:hx-bg-slate-50 hover:hx-shadow-md dark:hover:hx-border-neutral-700 dark:hover:hx-bg-neutral-900&#34;href=&#34;docs/living-clojure/simple-values&#34;
    &gt;&lt;span class=&#34;hextra-card-icon hx-flex hx-font-semibold hx-items-start hx-gap-2 hx-p-4 hx-text-gray-700 hover:hx-text-gray-900 dark:hx-text-neutral-200 dark:hover:hx-text-neutral-50&#34;&gt;&lt;svg xmlns=&#34;http://www.w3.org/2000/svg&#34; fill=&#34;none&#34; viewBox=&#34;0 0 24 24&#34; stroke-width=&#34;2&#34; stroke=&#34;currentColor&#34; aria-hidden=&#34;true&#34;&gt;&lt;path stroke-linecap=&#34;round&#34; stroke-linejoin=&#34;round&#34; d=&#34;M13 9l3 3m0 0l-3 3m3-3H8m13 0a9 9 0 11-18 0 9 9 0 0118 0z&#34;/&gt;&lt;/svg&gt;Clojure Simple Values&lt;/span&gt;&lt;/a&gt;

&lt;!-- &lt;a
  class=&#34;hextra-card hx-group hx-flex hx-flex-col hx-justify-start hx-overflow-hidden hx-rounded-lg hx-border hx-border-gray-200 hx-text-current hx-no-underline dark:hx-shadow-none hover:hx-shadow-gray-100 dark:hover:hx-shadow-none hx-shadow-gray-100 active:hx-shadow-sm active:hx-shadow-gray-200 hx-transition-all hx-duration-200 hover:hx-border-gray-300 hx-bg-transparent hx-shadow-sm dark:hx-border-neutral-800 hover:hx-bg-slate-50 hover:hx-shadow-md dark:hover:hx-border-neutral-700 dark:hover:hx-bg-neutral-900&#34;href=&#34;blog&#34;
    &gt;&lt;span class=&#34;hextra-card-icon hx-flex hx-font-semibold hx-items-start hx-gap-2 hx-p-4 hx-text-gray-700 hover:hx-text-gray-900 dark:hx-text-neutral-200 dark:hover:hx-text-neutral-50&#34;&gt;&lt;svg xmlns=&#34;http://www.w3.org/2000/svg&#34; fill=&#34;none&#34; viewBox=&#34;0 0 24 24&#34; stroke-width=&#34;2&#34; stroke=&#34;currentColor&#34; aria-hidden=&#34;true&#34;&gt;&lt;path stroke-linecap=&#34;round&#34; stroke-linejoin=&#34;round&#34; d=&#34;M15.232 5.232l3.536 3.536m-2.036-5.036a2.5 2.5 0 113.536 3.536L6.5 21.036H3v-3.572L16.732 3.732z&#34;/&gt;&lt;/svg&gt;Blog&lt;/span&gt;&lt;/a&gt; --&gt;

&lt;!-- &lt;a
  class=&#34;hextra-card hx-group hx-flex hx-flex-col hx-justify-start hx-overflow-hidden hx-rounded-lg hx-border hx-border-gray-200 hx-text-current hx-no-underline dark:hx-shadow-none hover:hx-shadow-gray-100 dark:hover:hx-shadow-none hx-shadow-gray-100 active:hx-shadow-sm active:hx-shadow-gray-200 hx-transition-all hx-duration-200 hover:hx-border-gray-300 hx-bg-transparent hx-shadow-sm dark:hx-border-neutral-800 hover:hx-bg-slate-50 hover:hx-shadow-md dark:hover:hx-border-neutral-700 dark:hover:hx-bg-neutral-900&#34;href=&#34;about&#34;
    &gt;&lt;span class=&#34;hextra-card-icon hx-flex hx-font-semibold hx-items-start hx-gap-2 hx-p-4 hx-text-gray-700 hover:hx-text-gray-900 dark:hx-text-neutral-200 dark:hover:hx-text-neutral-50&#34;&gt;&lt;svg xmlns=&#34;http://www.w3.org/2000/svg&#34; fill=&#34;none&#34; viewBox=&#34;0 0 24 24&#34; stroke-width=&#34;2&#34; stroke=&#34;currentColor&#34; aria-hidden=&#34;true&#34;&gt;&lt;path stroke-linecap=&#34;round&#34; stroke-linejoin=&#34;round&#34; d=&#34;M16 7a4 4 0 11-8 0 4 4 0 018 0zM12 14a7 7 0 00-7 7h14a7 7 0 00-7-7z&#34;/&gt;&lt;/svg&gt;About&lt;/span&gt;&lt;/a&gt; --&gt;

&lt;/div&gt;


      </description>
    </item>
    
  </channel>
</rss>
