<rss version="2.0" xmlns:atom="http://www.w3.org/2005/Atom">
  <channel>
    <title>./ravi.sh – Youtube Walkthroughs</title>
    <link>https://ravish0007.netlify.app/youtube/</link>
    <description>Recent content in Youtube Walkthroughs on ./ravi.sh</description>
    <generator>Hugo -- gohugo.io</generator>
    <language>en</language>
    
	  <atom:link href="https://ravish0007.netlify.app/youtube/index.xml" rel="self" type="application/rss+xml" />
    
    
      
        
      
    
    
    <item>
      <title>Setting up Python</title>
      <link>https://ravish0007.netlify.app/youtube/setting_up_python/</link>
      <pubDate>Mon, 01 Jan 0001 00:00:00 +0000</pubDate>
      
      <guid>https://ravish0007.netlify.app/youtube/setting_up_python/</guid>
      <description>
        
        
        &lt;iframe width=&#34;420&#34; height=&#34;315&#34;
src=&#34;https://www.youtube.com/embed/9NrynYZ5sFM&#34;&gt; 
&lt;/iframe&gt;
&lt;p&gt;Python is a fun and an amazing programming language.
Its high level, It includes many builtin modules. Endless
community modules to build things.&lt;/p&gt;
&lt;p&gt;Instead of asking &amp;ldquo;What can I do with Python?&amp;rdquo;, a better question would be &amp;ldquo;What can&amp;rsquo;t I do with Python?&amp;rdquo;&lt;/p&gt;
&lt;p&gt;I don&amp;rsquo;t want to dive into details where Python doesn&amp;rsquo;t fit. But it fits almost everywhere.&lt;/p&gt;
&lt;p&gt;You can write Python programs that automate tasks for you, analyze data, do web programming, program hardwares to do cool stuff. Artificial Intelligence, Machine learning and the things that tickle your fancy.&lt;/p&gt;
&lt;p&gt;In this video, I&amp;rsquo;ll demonstrate on how to setup a basic python development environment. Consists of a Terminal, Python itself and a code editor named Zed.&lt;/p&gt;
&lt;p&gt;Go through the following links to download above tools on your computer&lt;/p&gt;
&lt;ul&gt;
&lt;li&gt;&lt;a href=&#34;https://wezterm.org&#34;&gt;WezTerm&lt;/a&gt;&lt;/li&gt;
&lt;li&gt;&lt;a href=&#34;https://python.org&#34;&gt;Python&lt;/a&gt;&lt;/li&gt;
&lt;li&gt;&lt;a href=&#34;https://github.com/deevus/zed-windows-builds/releases&#34;&gt;Zed&lt;/a&gt;&lt;/li&gt;
&lt;/ul&gt;

      </description>
    </item>
    
  </channel>
</rss>
